"order_id","meal_id","entree_calories","side_calories","drink_calories","total_calories"
2,1,730,0,0,730
2,2,730,0,0,730
3,3,785,570,0,1355
4,4,1165,0,0,1165
4,5,825,0,0,825
5,6,1165,740,0,1905
6,7,1020,0,0,1020
6,8,1060,0,0,1060
7,9,800,740,0,1540
8,10,840,590,0,1430
9,11,1035,0,280,1315
10,12,565,740,0,1305
11,13,945,0,240,1185
12,14,1225,0,120,1345
13,15,815,590,0,1405
14,16,1055,0,140,1195
15,17,1030,590,0,1620
16,18,1020,570,0,1590
17,19,795,0,0,795
18,20,720,665,0,1385
18,21,635,665,0,1300
19,22,975,570,0,1545
20,23,965,246.666666666667,0,1211.66666666667
20,24,1215,246.666666666667,0,1461.66666666667
20,25,345,246.666666666667,0,591.666666666667
21,26,1035,0,60,1095
21,27,820,0,60,880
22,28,1040,740,0,1780
23,29,1005,0,280,1285
24,30,1285,0,140,1425
25,31,760,590,0,1350
26,32,605,0,0,605
26,33,1065,0,0,1065
27,34,975,570,0,1545
28,35,580,246.666666666667,0,826.666666666667
28,36,765,246.666666666667,0,1011.66666666667
28,37,910,246.666666666667,0,1156.66666666667
29,38,1065,0,0,1065
29,39,895,0,0,895
30,40,800,0,60,860
30,41,1035,0,60,1095
31,42,1000,570,0,1570
32,43,1045,740,0,1785
33,44,1030,740,0,1770
34,45,885,190,0,1075
34,46,735,190,0,925
34,47,735,190,0,925
35,48,995,570,0,1565
36,49,1025,0,0,1025
36,50,1035,0,0,1035
37,51,1030,0,0,1030
37,52,480,0,0,480
38,53,495,0,0,495
38,54,645,0,0,645
39,55,1070,590,0,1660
40,56,910,0,0,910
40,57,620,0,0,620
40,58,540,0,0,540
41,59,890,740,0,1630
42,60,620,740,0,1360
43,61,845,0,0,845
43,62,910,0,0,910
44,63,535,740,0,1275
45,64,925,370,0,1295
45,65,625,370,0,995
46,66,795,0,240,1035
47,67,1020,0,140,1160
48,68,1005,740,0,1745
49,69,735,1330,0,2065
50,70,1030,590,0,1620
51,71,765,0,0,765
51,72,935,0,0,935
52,73,785,740,0,1525
53,74,1035,370,0,1405
53,75,1025,370,0,1395
54,76,800,740,0,1540
55,77,1020,0,140,1160
56,78,605,1330,0,1935
57,79,1135,740,0,1875
58,80,1030,590,0,1620
59,81,1160,0,0,1160
60,82,590,0,0,590
60,83,590,0,0,590
61,84,915,740,0,1655
62,85,800,740,0,1540
63,86,780,740,0,1520
64,87,805,0,0,805
64,88,455,0,0,455
65,89,1070,370,0,1440
65,90,850,370,0,1220
66,91,1110,0,0,1110
67,92,925,285,0,1210
67,93,925,285,0,1210
68,94,1035,370,0,1405
68,95,1035,370,0,1405
69,96,1030,590,0,1620
70,97,415,370,0,785
70,98,415,370,0,785
71,99,645,370,0,1015
71,100,975,370,0,1345
72,101,1305,0,0,1305
73,102,755,0,0,755
73,103,1185,0,0,1185
74,104,1025,295,0,1320
74,105,675,295,0,970
75,106,1085,246.666666666667,0,1331.66666666667
75,107,1100,246.666666666667,0,1346.66666666667
75,108,910,246.666666666667,0,1156.66666666667
76,109,935,0,0,935
77,110,1035,0,240,1275
78,111,505,0,0,505
78,112,545,0,0,545
79,113,985,0,0,985
80,114,1110,0,0,1110
81,115,930,0,280,1210
82,116,990,295,0,1285
82,117,630,295,0,925
83,118,700,370,0,1070
83,119,765,370,0,1135
84,120,595,0,0,595
84,121,975,0,0,975
84,122,855,0,0,855
85,123,1005,650,0,1655
86,124,705,295,0,1000
86,125,610,295,0,905
87,126,1000,0,140,1140
88,127,1030,590,0,1620
89,128,785,740,0,1525
90,129,1205,0,0,1205
90,130,1035,0,0,1035
91,131,1035,0,240,1275
92,132,495,285,0,780
92,133,805,285,0,1090
93,134,985,246.666666666667,0,1231.66666666667
93,135,805,246.666666666667,0,1051.66666666667
93,136,1105,246.666666666667,0,1351.66666666667
94,137,510,0,0,510
94,138,510,0,0,510
95,139,815,740,0,1555
96,140,1030,0,0,1030
96,141,635,0,0,635
96,142,730,0,0,730
96,143,635,0,0,635
97,144,600,285,0,885
97,145,790,285,0,1075
98,146,785,570,0,1355
98,147,635,570,0,1205
99,148,730,570,0,1300
100,149,1000,0,140,1140
101,150,1045,740,0,1785
102,151,755,1240,0,1995
103,152,1215,295,0,1510
103,153,920,295,0,1215
103,154,750,295,0,1045
103,155,1215,295,0,1510
104,156,1070,590,0,1660
105,157,1035,0,0,1035
105,158,1035,0,0,1035
106,159,1030,0,0,1030
106,160,860,0,0,860
107,161,1165,0,0,1165
108,162,885,0,210,1095
108,163,940,0,210,1150
109,164,985,0,0,985
110,165,495,0,0,495
110,166,630,0,0,630
110,167,485,0,0,485
110,168,755,0,0,755
111,169,635,0,0,635
111,170,610,0,0,610
112,171,1060,0,0,1060
112,172,760,0,0,760
113,173,700,0,140,840
114,174,625,0,140,765
115,175,880,590,0,1470
116,176,775,590,0,1365
117,177,805,740,0,1545
118,178,1030,590,0,1620
119,179,1135,0,0,1135
119,180,1095,0,0,1095
120,181,910,570,0,1480
121,182,1030,740,0,1770
122,183,775,570,140,1485
123,184,600,0,0,600
123,185,600,0,0,600
124,186,730,190,0,920
124,187,610,190,0,800
124,188,730,190,0,920
125,189,485,246.666666666667,0,731.666666666667
125,190,805,246.666666666667,0,1051.66666666667
125,191,655,246.666666666667,0,901.666666666667
126,192,910,0,0,910
126,193,765,0,0,765
127,194,685,0,140,825
128,195,700,370,0,1070
128,196,765,370,0,1135
129,197,970,0,70,1040
129,198,970,0,70,1040
130,199,485,590,0,1075
131,200,635,590,0,1225
132,201,905,285,0,1190
132,202,735,285,0,1020
133,203,700,570,0,1270
134,204,915,285,0,1200
134,205,1205,285,0,1490
135,206,730,740,0,1470
136,207,490,0,0,490
136,208,615,0,0,615
137,209,220,0,0,220
137,210,220,0,0,220
138,211,870,0,0,870
139,212,650,570,140,1360
140,213,975,0,0,975
141,214,1235,0,0,1235
141,215,865,0,0,865
142,216,760,590,0,1350
143,217,490,570,0,1060
144,218,1205,570,0,1775
145,219,1005,0,0,1005
145,220,880,0,0,880
146,221,1135,0,0,1135
146,222,885,0,0,885
147,223,505,0,140,645
148,224,1205,370,0,1575
148,225,1035,370,0,1405
149,226,915,665,140,1720
149,227,765,665,140,1570
150,228,635,590,0,1225
151,229,910,0,280,1190
152,230,975,0,0,975
152,231,975,0,0,975
153,232,590,0,0,590
153,233,590,0,0,590
154,234,935,590,140,1665
155,235,850,0,240,1090
156,236,735,0,0,735
156,237,845,0,0,845
157,238,1205,570,0,1775
158,239,925,590,0,1515
159,240,1165,0,0,1165
160,241,915,0,0,915
161,242,610,0,0,610
161,243,910,0,0,910
162,244,1070,590,0,1660
163,245,1135,0,0,1135
164,246,1000,0,140,1140
165,247,900,0,280,1180
166,248,1200,285,0,1485
166,249,1115,285,0,1400
167,250,905,570,0,1475
168,251,915,0,0,915
169,252,720,0,0,720
169,253,700,0,0,700
170,254,1105,740,140,1985
171,255,510,740,0,1250
172,256,1095,0,0,1095
172,257,1025,0,0,1025
173,258,870,0,0,870
173,259,615,0,0,615
174,260,1145,0,140,1285
175,261,1210,0,140,1350
176,262,1095,370,0,1465
176,263,615,370,0,985
177,264,905,570,0,1475
178,265,905,0,0,905
178,266,905,0,0,905
178,267,905,0,0,905
179,268,590,0,140,730
180,269,795,570,140,1505
181,270,200,0,0,200
181,271,200,0,0,200
182,272,620,740,0,1360
183,273,905,0,0,905
183,274,945,0,0,945
184,275,955,386.666666666667,0,1341.66666666667
184,276,455,386.666666666667,0,841.666666666667
184,277,1095,386.666666666667,0,1481.66666666667
185,278,595,0,0,595
185,279,595,0,0,595
186,280,940,0,40,980
186,281,870,0,40,910
186,282,870,0,40,910
187,283,925,570,0,1495
188,284,795,0,140,935
189,285,1045,0,240,1285
190,286,1030,0,140,1170
191,287,945,0,0,945
191,288,965,0,0,965
192,289,1285,665,0,1950
192,290,620,665,0,1285
193,291,750,0,0,750
193,292,750,0,0,750
193,293,750,0,0,750
194,294,870,0,0,870
194,295,1045,0,0,1045
195,296,915,0,0,915
195,297,615,0,0,615
195,298,1095,0,0,1095
195,299,930,0,0,930
195,300,1205,0,0,1205
195,301,635,0,0,635
195,302,905,0,0,905
195,303,645,0,0,645
196,304,610,295,70,975
196,305,895,295,70,1260
197,306,755,570,0,1325
198,307,1245,0,0,1245
198,308,1205,0,0,1205
199,309,610,370,0,980
199,310,815,370,0,1185
200,311,870,740,0,1610
201,312,870,740,0,1610
202,313,850,570,0,1420
203,314,995,0,0,995
204,315,1105,570,0,1675
205,316,1095,51.8181818181818,0,1146.81818181818
205,317,1125,51.8181818181818,0,1176.81818181818
205,318,630,51.8181818181818,0,681.818181818182
205,319,1045,51.8181818181818,0,1096.81818181818
205,320,1205,51.8181818181818,0,1256.81818181818
205,321,905,51.8181818181818,0,956.818181818182
205,322,630,51.8181818181818,0,681.818181818182
205,323,570,51.8181818181818,0,621.818181818182
205,324,600,51.8181818181818,0,651.818181818182
205,325,795,51.8181818181818,0,846.818181818182
205,326,735,51.8181818181818,0,786.818181818182
206,327,800,370,0,1170
206,328,810,370,0,1180
207,329,700,370,0,1070
207,330,765,370,0,1135
208,331,560,740,0,1300
209,332,425,0,0,425
209,333,620,0,0,620
210,334,760,0,0,760
210,335,905,0,0,905
211,336,1175,0,0,1175
211,337,995,0,0,995
212,338,1025,0,140,1165
212,339,1025,0,140,1165
213,340,700,0,0,700
213,341,390,0,0,390
214,342,1200,0,0,1200
214,343,1020,0,0,1020
215,344,535,655,0,1190
215,345,595,655,0,1250
216,346,1030,740,0,1770
217,347,1190,0,0,1190
217,348,400,0,0,400
217,349,390,0,0,390
218,350,940,740,0,1680
219,351,745,570,0,1315
220,352,605,0,0,605
220,353,730,0,0,730
221,354,465,0,0,465
221,355,635,0,0,635
222,356,600,295,0,895
222,357,1000,295,0,1295
223,358,910,0,0,910
223,359,925,0,0,925
223,360,925,0,0,925
224,361,870,740,0,1610
225,362,480,295,0,775
225,363,610,295,0,905
226,364,495,370,0,865
226,365,855,370,0,1225
227,366,610,370,0,980
227,367,745,370,0,1115
228,368,675,0,0,675
229,369,975,0,0,975
229,370,975,0,0,975
230,371,500,246.666666666667,0,746.666666666667
230,372,510,246.666666666667,0,756.666666666667
230,373,510,246.666666666667,0,756.666666666667
231,374,600,327.5,0,927.5
231,375,495,327.5,0,822.5
231,376,905,327.5,0,1232.5
231,377,745,327.5,0,1072.5
232,378,550,650,0,1200
233,379,1060,0,0,1060
233,380,1055,0,0,1055
233,381,750,0,0,750
234,382,220,246.666666666667,0,466.666666666667
234,383,860,246.666666666667,0,1106.66666666667
234,384,890,246.666666666667,0,1136.66666666667
235,385,885,0,0,885
235,386,1175,0,0,1175
235,387,965,0,0,965
236,388,1080,0,0,1080
236,389,885,0,0,885
237,390,1005,295,120,1420
237,391,1005,295,120,1420
238,392,545,0,0,545
238,393,925,0,0,925
239,394,965,570,0,1535
240,395,220,370,0,590
240,396,900,370,0,1270
241,397,1105,0,0,1105
242,398,1105,0,0,1105
242,399,570,0,0,570
243,400,715,0,0,715
243,401,715,0,0,715
244,402,545,590,0,1135
245,403,870,0,0,870
246,404,615,570,0,1185
247,405,775,0,160,935
247,406,1035,0,160,1195
247,407,755,0,160,915
248,408,1135,740,0,1875
249,409,735,740,0,1475
250,410,605,0,0,605
250,411,215,0,0,215
251,412,915,590,140,1645
252,413,990,0,0,990
252,414,930,0,0,930
253,415,625,0,0,625
253,416,625,0,0,625
254,417,635,570,0,1205
254,418,785,570,0,1355
255,419,570,740,0,1310
256,420,1205,0,140,1345
257,421,340,740,0,1080
258,422,555,665,0,1220
258,423,930,665,0,1595
259,424,945,0,0,945
259,425,965,0,0,965
260,426,870,740,0,1610
261,427,590,0,0,590
261,428,590,0,0,590
262,429,770,0,140,910
263,430,1030,0,0,1030
263,431,735,0,0,735
264,432,920,0,0,920
264,433,920,0,0,920
265,434,1030,370,0,1400
265,435,870,370,0,1240
266,436,570,740,0,1310
267,437,1000,0,140,1140
268,438,635,650,0,1285
269,439,1170,570,0,1740
270,440,1070,0,280,1350
271,441,415,295,0,710
271,442,415,295,0,710
272,443,835,740,0,1575
273,444,1215,0,0,1215
273,445,1035,0,0,1035
274,446,735,570,0,1305
275,447,870,740,0,1610
276,448,645,246.666666666667,0,891.666666666667
276,449,845,246.666666666667,0,1091.66666666667
276,450,945,246.666666666667,0,1191.66666666667
277,451,905,740,140,1785
278,452,1285,740,0,2025
279,453,790,665,0,1455
279,454,890,665,0,1555
280,455,570,740,0,1310
281,456,585,740,0,1325
282,457,770,0,140,910
282,458,1030,0,140,1170
283,459,1085,570,0,1655
284,460,800,370,0,1170
284,461,815,370,0,1185
285,462,1095,590,0,1685
286,463,425,740,0,1165
287,464,1065,0,140,1205
287,465,815,0,140,955
288,466,915,0,280,1195
289,467,425,590,140,1155
290,468,780,0,0,780
291,469,945,650,140,1735
292,470,870,740,0,1610
293,471,1295,0,0,1295
294,472,870,740,0,1610
295,473,1105,0,0,1105
296,474,905,570,0,1475
297,475,925,0,140,1065
298,476,795,0,140,935
299,477,1025,295,0,1320
299,478,500,295,0,795
300,479,990,0,0,990
300,480,1005,0,0,1005
301,481,790,295,0,1085
301,482,525,295,0,820
302,483,870,740,0,1610
303,484,730,0,0,730
303,485,1115,0,0,1115
304,486,975,0,46.6666666666667,1021.66666666667
304,487,645,0,46.6666666666667,691.666666666667
304,488,855,0,46.6666666666667,901.666666666667
305,489,770,0,70,840
305,490,570,0,70,640
306,491,1170,0,140,1310
307,492,870,740,0,1610
308,493,1085,570,0,1655
309,494,1140,0,0,1140
309,495,735,0,0,735
310,496,725,570,0,1295
311,497,645,246.666666666667,0,891.666666666667
311,498,845,246.666666666667,0,1091.66666666667
311,499,945,246.666666666667,0,1191.66666666667
312,500,1025,285,0,1310
312,501,625,285,0,910
313,502,800,0,0,800
313,503,1230,0,0,1230
314,504,750,0,0,750
314,505,225,0,0,225
315,506,525,740,0,1265
316,507,985,0,140,1125
317,508,1060,0,70,1130
317,509,930,0,70,1000
318,510,870,740,0,1610
319,511,320,0,0,320
319,512,320,0,0,320
319,513,540,0,0,540
320,514,735,570,140,1445
321,515,935,0,0,935
322,516,595,590,140,1325
323,517,500,570,140,1210
324,518,1145,0,0,1145
325,519,910,740,280,1930
326,520,1115,493.333333333333,0,1608.33333333333
326,521,695,493.333333333333,0,1188.33333333333
326,522,755,493.333333333333,0,1248.33333333333
327,523,1125,0,0,1125
327,524,845,0,0,845
328,525,765,740,0,1505
329,526,1105,740,0,1845
330,527,725,570,0,1295
331,528,740,0,0,740
331,529,750,0,0,750
332,530,1005,0,140,1145
333,531,825,590,0,1415
334,532,1030,0,0,1030
334,533,1040,0,0,1040
335,534,870,740,0,1610
336,535,975,0,0,975
336,536,615,0,0,615
337,537,590,0,0,590
337,538,590,0,0,590
338,539,1000,370,70,1440
338,540,1040,370,70,1480
339,541,630,0,0,630
340,542,1035,740,0,1775
341,543,915,0,0,915
342,544,870,740,0,1610
343,545,700,228,0,928
343,546,705,228,0,933
343,547,610,228,0,838
343,548,740,228,0,968
343,549,770,228,0,998
344,550,950,0,0,950
344,551,990,0,0,990
344,552,930,0,0,930
345,553,735,1330,0,2065
346,554,485,216.666666666667,0,701.666666666667
346,555,210,216.666666666667,0,426.666666666667
346,556,120,216.666666666667,0,336.666666666667
347,557,560,740,0,1300
348,558,570,0,0,570
348,559,570,0,0,570
349,560,750,590,0,1340
350,561,900,0,420,1320
351,562,575,740,0,1315
352,563,1080,370,0,1450
352,564,1080,370,0,1450
353,565,935,0,0,935
353,566,990,0,0,990
354,567,915,0,0,915
354,568,925,0,0,925
355,569,1005,0,0,1005
355,570,940,0,0,940
356,571,1075,0,0,1075
356,572,885,0,0,885
357,573,590,0,0,590
357,574,590,0,0,590
358,575,1060,0,70,1130
358,576,930,0,70,1000
359,577,635,570,0,1205
360,578,780,0,70,850
360,579,880,0,70,950
361,580,940,0,0,940
362,581,865,0,0,865
362,582,690,0,0,690
363,583,920,1480,140,2540
364,584,615,740,0,1355
365,585,995,0,0,995
366,586,410,0,0,410
366,587,510,0,0,510
366,588,410,0,0,410
367,589,595,0,0,595
367,590,1075,0,0,1075
368,591,755,0,0,755
368,592,875,0,0,875
369,593,700,370,0,1070
369,594,625,370,0,995
370,595,915,740,0,1655
371,596,1040,570,0,1610
372,597,975,0,0,975
372,598,610,0,0,610
373,599,800,740,0,1540
374,600,1115,0,140,1255
375,601,870,650,0,1520
376,602,1005,0,140,1145
376,603,1005,0,140,1145
377,604,680,0,0,680
377,605,980,0,0,980
377,606,680,0,0,680
378,607,1035,570,0,1605
379,608,1175,196.666666666667,140,1511.66666666667
379,609,865,196.666666666667,140,1201.66666666667
379,610,705,196.666666666667,140,1041.66666666667
380,611,1035,285,0,1320
380,612,675,285,0,960
381,613,570,0,120,690
381,614,570,0,120,690
382,615,625,740,0,1365
383,616,615,740,0,1355
384,617,730,190,0,920
384,618,825,190,0,1015
384,619,635,190,0,825
385,620,735,570,0,1305
386,621,590,0,0,590
386,622,635,0,0,635
387,623,995,0,46.6666666666667,1041.66666666667
387,624,1055,0,46.6666666666667,1101.66666666667
387,625,1075,0,46.6666666666667,1121.66666666667
388,626,1040,0,0,1040
389,627,650,633.333333333333,0,1283.33333333333
389,628,415,633.333333333333,0,1048.33333333333
389,629,810,633.333333333333,0,1443.33333333333
390,630,915,740,0,1655
391,631,845,740,0,1585
392,632,910,570,140,1620
393,633,1045,0,140,1185
394,634,950,0,0,950
394,635,65,0,0,65
395,636,705,590,0,1295
396,637,910,0,70,980
396,638,860,0,70,930
397,639,1040,0,0,1040
397,640,700,0,0,700
398,641,1115,0,0,1115
399,642,870,740,0,1610
400,643,1065,0,0,1065
400,644,540,0,0,540
400,645,785,0,0,785
401,646,415,0,0,415
401,647,415,0,0,415
402,648,615,493.333333333333,0,1108.33333333333
402,649,755,493.333333333333,0,1248.33333333333
402,650,755,493.333333333333,0,1248.33333333333
403,651,1080,590,0,1670
404,652,1105,285,0,1390
404,653,795,285,0,1080
405,654,910,0,0,910
406,655,970,0,0,970
407,656,1140,0,0,1140
407,657,1150,0,0,1150
408,658,780,0,70,850
408,659,925,0,70,995
409,660,750,0,0,750
409,661,860,0,0,860
410,662,870,0,0,870
410,663,655,0,0,655
411,664,550,0,0,550
411,665,795,0,0,795
412,666,615,740,0,1355
413,667,805,0,70,875
413,668,1150,0,70,1220
414,669,1070,590,0,1660
415,670,745,740,0,1485
416,671,510,0,0,510
416,672,200,0,0,200
417,673,920,570,0,1490
418,674,610,0,0,610
418,675,610,0,0,610
419,676,745,295,0,1040
419,677,765,295,0,1060
420,678,1015,740,0,1755
421,679,615,740,0,1355
422,680,985,0,140,1125
423,681,825,0,0,825
423,682,915,0,0,915
424,683,990,570,0,1560
425,684,620,740,0,1360
426,685,615,590,140,1345
427,686,870,740,0,1610
428,687,755,285,0,1040
428,688,710,285,0,995
429,689,750,0,0,750
430,690,410,570,0,980
431,691,1085,570,140,1795
432,692,690,0,70,760
432,693,790,0,70,860
433,694,765,570,0,1335
434,695,835,0,0,835
434,696,1070,0,0,1070
435,697,1220,0,140,1360
436,698,750,0,120,870
437,699,410,570,0,980
438,700,1240,0,0,1240
438,701,1205,0,0,1205
439,702,865,0,0,865
439,703,815,0,0,815
440,704,485,325,0,810
440,705,985,325,0,1310
441,706,1275,740,0,2015
442,707,1190,0,0,1190
443,708,805,370,0,1175
443,709,775,370,0,1145
444,710,745,570,0,1315
445,711,515,740,0,1255
446,712,810,570,0,1380
447,713,1040,590,0,1630
448,714,1055,590,140,1785
449,715,410,570,0,980
450,716,990,0,560,1550
451,717,575,295,0,870
451,718,830,295,0,1125
452,719,1055,0,0,1055
453,720,985,0,0,985
454,721,900,590,0,1490
455,722,1270,740,0,2010
456,723,925,0,0,925
456,724,1060,0,0,1060
457,725,415,0,0,415
457,726,835,0,0,835
457,727,415,0,0,415
458,728,610,0,0,610
458,729,755,0,0,755
459,730,590,0,0,590
459,731,590,0,0,590
460,732,625,370,0,995
460,733,615,370,0,985
461,734,1135,0,0,1135
462,735,1205,295,0,1500
462,736,1205,295,0,1500
463,737,905,570,0,1475
464,738,1145,740,0,1885
465,739,735,0,140,875
466,740,910,370,0,1280
466,741,1155,370,0,1525
467,742,1220,370,0,1590
467,743,1270,370,0,1640
468,744,820,370,0,1190
468,745,915,370,0,1285
469,746,965,590,0,1555
470,747,935,740,0,1675
471,748,1040,370,70,1480
471,749,925,370,70,1365
472,750,940,0,0,940
472,751,890,0,0,890
473,752,1060,740,0,1800
474,753,815,0,0,815
475,754,685,325,0,1010
475,755,1020,325,0,1345
476,756,1055,0,0,1055
476,757,1185,0,0,1185
477,758,920,0,0,920
477,759,915,0,0,915
478,760,555,665,0,1220
478,761,815,665,0,1480
479,762,1100,285,0,1385
479,763,935,285,0,1220
480,764,410,570,0,980
481,765,690,190,46.6666666666667,926.666666666667
481,766,610,190,46.6666666666667,846.666666666667
481,767,690,190,46.6666666666667,926.666666666667
482,768,910,370,70,1350
482,769,815,370,70,1255
483,770,770,0,0,770
483,771,895,0,0,895
484,772,740,0,0,740
485,773,610,620,0,1230
485,774,600,620,0,1220
486,775,690,740,0,1430
487,776,1105,0,0,1105
487,777,570,0,0,570
488,778,780,332.5,0,1112.5
488,779,805,332.5,0,1137.5
488,780,925,332.5,0,1257.5
488,781,795,332.5,0,1127.5
489,782,870,0,0,870
489,783,810,0,0,810
490,784,575,570,0,1145
491,785,970,0,0,970
491,786,840,0,0,840
491,787,1215,0,0,1215
491,788,730,0,0,730
491,789,725,0,0,725
491,790,975,0,0,975
491,791,725,0,0,725
491,792,735,0,0,735
491,793,960,0,0,960
491,794,780,0,0,780
492,795,920,0,0,920
493,796,1205,740,0,1945
494,797,900,0,0,900
494,798,970,0,0,970
495,799,795,0,120,915
496,800,1005,1330,0,2335
497,801,910,370,0,1280
497,802,910,370,0,1280
498,803,860,370,0,1230
498,804,665,370,0,1035
499,805,550,740,0,1290
500,806,410,570,0,980
501,807,1035,590,0,1625
502,808,1085,0,0,1085
503,809,1265,740,0,2005
504,810,770,0,0,770
504,811,895,0,0,895
505,812,1075,590,0,1665
506,813,935,295,0,1230
506,814,990,295,0,1285
507,815,745,0,140,885
507,816,825,0,140,965
508,817,500,590,0,1090
509,818,860,0,70,930
509,819,1100,0,70,1170
510,820,870,740,0,1610
511,821,935,627.5,17.5,1580
511,822,945,627.5,17.5,1590
511,823,775,627.5,17.5,1420
511,824,935,627.5,17.5,1580
511,825,935,627.5,17.5,1580
511,826,935,627.5,17.5,1580
511,827,945,627.5,17.5,1590
511,828,945,627.5,17.5,1590
512,829,1125,0,0,1125
513,830,980,295,0,1275
513,831,980,295,0,1275
514,832,605,285,0,890
514,833,510,285,0,795
515,834,820,740,0,1560
516,835,795,570,0,1365
517,836,795,0,0,795
517,837,925,0,0,925
518,838,1305,0,0,1305
519,839,1095,370,0,1465
519,840,1215,370,0,1585
520,841,885,740,140,1765
521,842,915,0,0,915
521,843,410,0,0,410
522,844,980,740,0,1720
523,845,910,570,0,1480
524,846,1095,740,0,1835
525,847,1265,0,140,1405
526,848,805,650,0,1455
527,849,915,370,0,1285
527,850,825,370,0,1195
528,851,805,0,0,805
529,852,600,0,0,600
529,853,795,0,0,795
529,854,570,0,0,570
530,855,785,570,0,1355
530,856,635,570,0,1205
531,857,750,740,0,1490
532,858,765,570,0,1335
533,859,610,570,0,1180
534,860,1040,0,0,1040
534,861,1280,0,0,1280
534,862,995,0,0,995
535,863,620,590,0,1210
535,864,765,590,0,1355
536,865,590,740,0,1330
537,866,475,740,0,1215
538,867,1325,0,0,1325
539,868,1110,0,0,1110
539,869,910,0,0,910
540,870,920,740,0,1660
541,871,1230,0,0,1230
541,872,795,0,0,795
542,873,775,0,0,775
542,874,855,0,0,855
543,875,540,0,0,540
543,876,760,0,0,760
544,877,915,0,0,915
544,878,615,0,0,615
545,879,1270,370,0,1640
545,880,1100,370,0,1470
546,881,1200,0,140,1340
546,882,1145,0,140,1285
547,883,925,570,0,1495
548,884,940,570,0,1510
549,885,770,740,70,1580
549,886,655,740,70,1465
550,887,605,590,0,1195
551,888,895,0,0,895
551,889,670,0,0,670
552,890,760,740,0,1500
552,891,895,740,0,1635
553,892,875,570,240,1685
554,893,845,650,0,1495
555,894,775,285,0,1060
555,895,815,285,0,1100
556,896,1200,0,0,1200
557,897,515,590,0,1105
558,898,1115,570,0,1685
559,899,410,570,0,980
560,900,495,325,140,960
560,901,985,325,140,1450
561,902,745,147.5,140,1032.5
561,903,825,147.5,140,1112.5
561,904,805,147.5,140,1092.5
561,905,845,147.5,140,1132.5
562,906,655,0,0,655
562,907,905,0,0,905
563,908,690,285,0,975
563,909,750,285,0,1035
564,910,990,0,0,990
565,911,925,0,0,925
565,912,875,0,0,875
566,913,825,0,0,825
567,914,870,0,70,940
567,915,780,0,70,850
568,916,495,0,0,495
569,917,710,570,0,1280
570,918,845,0,0,845
571,919,1200,0,0,1200
571,920,420,0,0,420
572,921,550,0,0,550
572,922,1035,0,0,1035
573,923,395,0,0,395
574,924,670,570,0,1240
575,925,505,370,0,875
575,926,495,370,0,865
576,927,190,0,0,190
576,928,250,0,0,250
576,929,250,0,0,250
576,930,250,0,0,250
576,931,250,0,0,250
577,932,785,296,0,1081
577,933,1065,296,0,1361
577,934,760,296,0,1056
577,935,680,296,0,976
577,936,555,296,0,851
578,937,680,0,0,680
578,938,680,0,0,680
579,939,865,0,140,1005
580,940,490,0,0,490
580,941,335,0,0,335
581,942,690,0,0,690
581,943,690,0,0,690
582,944,1200,0,0,1200
583,945,925,0,0,925
583,946,825,0,0,825
584,947,870,740,0,1610
585,948,590,0,0,590
585,949,595,0,0,595
585,950,1030,0,0,1030
586,951,770,0,0,770
586,952,830,0,0,830
587,953,910,0,0,910
588,954,1345,325,0,1670
588,955,1040,325,0,1365
589,956,710,0,0,710
589,957,1200,0,0,1200
590,958,1065,370,0,1435
590,959,470,370,0,840
591,960,715,650,140,1505
592,961,750,0,0,750
592,962,205,0,0,205
593,963,895,0,0,895
594,964,975,0,0,975
594,965,1135,0,0,1135
595,966,1055,590,0,1645
596,967,1205,370,0,1575
596,968,1005,370,0,1375
597,969,995,740,0,1735
598,970,470,570,0,1040
599,971,800,0,0,800
599,972,560,0,0,560
600,973,995,0,0,995
601,974,410,570,0,980
602,975,935,0,0,935
602,976,825,0,0,825
602,977,440,0,0,440
603,978,905,0,0,905
604,979,910,740,140,1790
605,980,880,0,0,880
606,981,735,590,140,1465
607,982,1095,590,140,1825
608,983,630,295,0,925
608,984,975,295,0,1270
609,985,515,0,0,515
610,986,1055,0,0,1055
610,987,1055,0,0,1055
611,988,625,0,0,625
611,989,615,0,0,615
612,990,915,0,0,915
613,991,750,570,140,1460
614,992,1020,0,140,1160
615,993,610,740,0,1350
616,994,735,0,0,735
616,995,735,0,0,735
616,996,735,0,0,735
617,997,615,740,0,1355
618,998,995,590,0,1585
619,999,815,0,0,815
619,1000,915,0,0,915
620,1001,995,0,0,995
620,1002,910,0,0,910
621,1003,985,0,0,985
621,1004,1045,0,0,1045
622,1005,780,740,140,1660
623,1006,755,0,0,755
623,1007,855,0,0,855
623,1008,735,0,0,735
623,1009,985,0,0,985
624,1010,1040,1920,0,2960
625,1011,495,740,0,1235
626,1012,745,570,140,1455
627,1013,1105,0,0,1105
627,1014,1080,0,0,1080
628,1015,615,683.333333333333,0,1298.33333333333
628,1016,680,683.333333333333,0,1363.33333333333
628,1017,530,683.333333333333,0,1213.33333333333
629,1018,870,0,0,870
629,1019,810,0,0,810
630,1020,565,570,0,1135
631,1021,405,1300,0,1705
632,1022,795,0,140,935
633,1023,795,0,420,1215
634,1024,470,740,140,1350
635,1025,795,185,0,980
635,1026,690,185,0,875
635,1027,910,185,0,1095
635,1028,910,185,0,1095
636,1029,795,295,0,1090
636,1030,915,295,0,1210
637,1031,385,665,0,1050
637,1032,625,665,0,1290
638,1033,575,1330,140,2045
639,1034,410,570,0,980
640,1035,1005,590,0,1595
641,1036,905,0,240,1145
642,1037,795,0,0,795
642,1038,675,0,0,675
643,1039,535,295,0,830
643,1040,535,295,0,830
644,1041,930,0,0,930
645,1042,805,590,0,1395
646,1043,795,0,0,795
646,1044,1285,0,0,1285
647,1045,685,650,0,1335
648,1046,635,570,0,1205
648,1047,785,570,0,1355
649,1048,815,285,0,1100
649,1049,615,285,0,900
649,1050,785,285,0,1070
649,1051,530,285,0,815
650,1052,710,570,0,1280
651,1053,615,0,120,735
651,1054,535,0,120,655
652,1055,1100,295,0,1395
652,1056,855,295,0,1150
653,1057,1105,0,0,1105
653,1058,1080,0,0,1080
654,1059,795,393.333333333333,46.6666666666667,1235
654,1060,575,393.333333333333,46.6666666666667,1015
654,1061,745,393.333333333333,46.6666666666667,1185
655,1062,800,740,0,1540
656,1063,1195,650,240,2085
657,1064,800,570,0,1370
658,1065,965,0,0,965
658,1066,1175,0,0,1175
659,1067,1270,740,0,2010
660,1068,995,740,0,1735
661,1069,1045,0,0,1045
661,1070,735,0,0,735
662,1071,935,0,0,935
662,1072,945,0,0,945
663,1073,1155,0,0,1155
663,1074,905,0,0,905
664,1075,890,0,0,890
664,1076,575,0,0,575
665,1077,750,740,0,1490
666,1078,970,740,0,1710
667,1079,615,0,0,615
667,1080,625,0,0,625
667,1081,555,0,0,555
668,1082,870,0,0,870
668,1083,780,0,0,780
669,1084,1205,570,0,1775
670,1085,690,216.666666666667,0,906.666666666667
670,1086,660,216.666666666667,0,876.666666666667
670,1087,690,216.666666666667,0,906.666666666667
671,1088,915,0,0,915
671,1089,615,0,0,615
672,1090,695,0,0,695
673,1091,1205,570,0,1775
674,1092,1050,590,140,1780
675,1093,925,0,0,925
675,1094,875,0,0,875
676,1095,605,590,0,1195
677,1096,615,570,140,1325
678,1097,1040,740,0,1780
679,1098,1240,570,0,1810
680,1099,795,0,120,915
681,1100,945,0,0,945
681,1101,965,0,0,965
682,1102,780,370,0,1150
682,1103,840,370,0,1210
683,1104,410,570,0,980
684,1105,995,740,0,1735
685,1106,805,590,0,1395
686,1107,490,0,0,490
686,1108,340,0,0,340
687,1109,845,370,0,1215
687,1110,820,370,0,1190
688,1111,980,185,0,1165
688,1112,1095,185,0,1280
688,1113,1345,185,0,1530
688,1114,905,185,0,1090
689,1115,830,570,0,1400
690,1116,750,0,240,990
691,1117,910,0,0,910
691,1118,575,0,0,575
691,1119,925,0,0,925
691,1120,915,0,0,915
691,1121,900,0,0,900
691,1122,1060,0,0,1060
691,1123,1095,0,0,1095
691,1124,1265,0,0,1265
691,1125,995,0,0,995
691,1126,865,0,0,865
691,1127,1215,0,0,1215
692,1128,1205,0,0,1205
692,1129,1205,0,0,1205
693,1130,925,570,0,1495
694,1131,1205,0,0,1205
694,1132,740,0,0,740
695,1133,605,570,0,1175
696,1134,400,570,0,970
697,1135,1200,0,0,1200
698,1136,420,295,0,715
698,1137,495,295,0,790
699,1138,535,570,0,1105
700,1139,610,590,140,1340
701,1140,885,570,0,1455
702,1141,630,0,0,630
703,1142,570,0,0,570
703,1143,630,0,0,630
703,1144,710,0,0,710
704,1145,380,0,140,520
705,1146,585,0,0,585
705,1147,625,0,0,625
706,1148,1155,370,0,1525
706,1149,655,370,0,1025
707,1150,1105,0,0,1105
708,1151,1115,0,46.6666666666667,1161.66666666667
708,1152,870,0,46.6666666666667,916.666666666667
708,1153,1115,0,46.6666666666667,1161.66666666667
709,1154,445,740,0,1185
710,1155,670,570,0,1240
711,1156,615,590,0,1205
712,1157,910,370,0,1280
712,1158,1295,370,0,1665
713,1159,650,0,0,650
713,1160,1120,0,0,1120
714,1161,1000,590,0,1590
715,1162,795,0,0,795
715,1163,675,0,0,675
716,1164,995,0,0,995
716,1165,910,0,0,910
717,1166,795,0,0,795
717,1167,915,0,0,915
718,1168,1005,0,0,1005
719,1169,1060,0,0,1060
719,1170,760,0,0,760
720,1171,795,285,0,1080
720,1172,695,285,0,980
721,1173,800,570,0,1370
722,1174,795,740,0,1535
723,1175,750,590,0,1340
724,1176,985,0,420,1405
725,1177,735,570,140,1445
726,1178,835,570,0,1405
727,1179,785,0,0,785
728,1180,910,0,0,910
728,1181,880,0,0,880
729,1182,750,740,0,1490
730,1183,605,0,140,745
731,1184,825,0,0,825
732,1185,1055,295,0,1350
732,1186,690,295,0,985
733,1187,495,0,0,495
733,1188,785,0,0,785
734,1189,610,246.666666666667,0,856.666666666667
734,1190,515,246.666666666667,0,761.666666666667
734,1191,790,246.666666666667,0,1036.66666666667
735,1192,1040,0,0,1040
735,1193,1000,0,0,1000
736,1194,935,740,0,1675
737,1195,910,493.333333333333,0,1403.33333333333
737,1196,795,493.333333333333,0,1288.33333333333
737,1197,915,493.333333333333,0,1408.33333333333
738,1198,605,590,0,1195
739,1199,1095,740,0,1835
740,1200,410,570,0,980
741,1201,920,0,0,920
741,1202,920,0,0,920
742,1203,670,570,0,1240
743,1204,1035,740,0,1775
744,1205,885,0,0,885
744,1206,985,0,0,985
745,1207,870,740,0,1610
746,1208,575,196.666666666667,0,771.666666666667
746,1209,795,196.666666666667,0,991.666666666667
746,1210,785,196.666666666667,0,981.666666666667
747,1211,1050,0,0,1050
747,1212,1050,0,0,1050
748,1213,785,590,0,1375
749,1214,730,0,140,870
750,1215,675,1140,0,1815
751,1216,410,570,0,980
752,1217,615,295,0,910
752,1218,555,295,0,850
753,1219,630,740,0,1370
754,1220,1210,740,0,1950
755,1221,745,570,0,1315
756,1222,650,0,0,650
756,1223,810,0,0,810
757,1224,800,590,0,1390
758,1225,915,570,140,1625
759,1226,805,443.333333333333,46.6666666666667,1295
759,1227,655,443.333333333333,46.6666666666667,1145
759,1228,575,443.333333333333,46.6666666666667,1065
759,1229,805,443.333333333333,46.6666666666667,1295
759,1230,735,443.333333333333,46.6666666666667,1225
759,1231,585,443.333333333333,46.6666666666667,1075
760,1232,825,0,0,825
760,1233,645,0,0,645
761,1234,1035,0,0,1035
761,1235,1100,0,0,1100
762,1236,410,570,0,980
763,1237,400,570,140,1110
764,1238,610,590,140,1340
765,1239,695,740,0,1435
766,1240,825,1140,0,1965
767,1241,755,570,0,1325
768,1242,810,0,0,810
768,1243,810,0,0,810
769,1244,750,590,0,1340
770,1245,675,370,0,1045
770,1246,940,370,0,1310
771,1247,1070,740,0,1810
772,1248,1105,0,0,1105
772,1249,1015,0,0,1015
773,1250,735,590,0,1325
774,1251,845,0,0,845
775,1252,1015,0,0,1015
775,1253,1145,0,0,1145
776,1254,730,740,140,1610
777,1255,590,0,0,590
777,1256,590,0,0,590
778,1257,685,650,0,1335
779,1258,855,570,0,1425
780,1259,805,0,0,805
781,1260,730,740,0,1470
782,1261,660,590,0,1250
783,1262,825,295,0,1120
783,1263,730,295,0,1025
784,1264,1115,0,0,1115
784,1265,760,0,0,760
785,1266,995,590,0,1585
786,1267,745,570,0,1315
787,1268,845,0,140,985
787,1269,1165,0,140,1305
787,1270,1155,0,140,1295
788,1271,825,0,140,965
789,1272,1040,0,0,1040
789,1273,1000,0,0,1000
790,1274,800,0,0,800
791,1275,1095,142.5,0,1237.5
791,1276,625,142.5,0,767.5
791,1277,585,142.5,0,727.5
791,1278,1060,142.5,0,1202.5
792,1279,845,695,0,1540
792,1280,820,695,0,1515
793,1281,800,0,0,800
794,1282,1045,295,0,1340
794,1283,905,295,0,1200
795,1284,505,285,0,790
795,1285,190,285,0,475
796,1286,735,570,0,1305
797,1287,880,740,0,1620
798,1288,445,1480,0,1925
799,1289,700,740,0,1440
800,1290,1035,0,0,1035
800,1291,1035,0,0,1035
801,1292,825,0,0,825
802,1293,785,0,0,785
803,1294,685,740,140,1565
804,1295,785,740,0,1525
805,1296,925,1330,0,2255
806,1297,780,436.666666666667,0,1216.66666666667
806,1298,805,436.666666666667,0,1241.66666666667
806,1299,805,436.666666666667,0,1241.66666666667
807,1300,705,295,70,1070
807,1301,685,295,70,1050
808,1302,610,590,140,1340
809,1303,535,740,0,1275
810,1304,955,0,0,955
810,1305,995,0,0,995
811,1306,755,590,0,1345
812,1307,680,285,0,965
812,1308,700,285,0,985
813,1309,735,570,0,1305
814,1310,785,740,0,1525
814,1311,985,740,0,1725
815,1312,965,0,0,965
816,1313,940,246.666666666667,0,1186.66666666667
816,1314,855,246.666666666667,0,1101.66666666667
816,1315,1055,246.666666666667,0,1301.66666666667
817,1316,850,0,0,850
817,1317,650,0,0,650
817,1318,1035,0,0,1035
818,1319,505,345,0,850
818,1320,575,345,0,920
818,1321,1240,345,0,1585
818,1322,845,345,0,1190
818,1323,535,345,0,880
818,1324,795,345,0,1140
819,1325,920,0,0,920
820,1326,695,0,0,695
820,1327,1215,0,0,1215
821,1328,960,0,0,960
822,1329,745,0,0,745
822,1330,740,0,0,740
823,1331,1215,0,0,1215
823,1332,690,0,0,690
823,1333,795,0,0,795
823,1334,690,0,0,690
824,1335,750,740,0,1490
825,1336,570,570,0,1140
826,1337,1035,0,0,1035
826,1338,1035,0,0,1035
827,1339,1005,650,0,1655
828,1340,1040,590,0,1630
829,1341,515,590,140,1245
830,1342,1115,0,0,1115
830,1343,760,0,0,760
831,1344,915,0,0,915
831,1345,915,0,0,915
832,1346,490,295,0,785
832,1347,330,295,0,625
833,1348,495,0,0,495
834,1349,750,0,0,750
835,1350,300,740,0,1040
836,1351,810,370,0,1180
836,1352,625,370,0,995
837,1353,920,0,0,920
837,1354,920,0,0,920
838,1355,695,370,0,1065
838,1356,695,370,0,1065
839,1357,860,0,0,860
839,1358,510,0,0,510
840,1359,1040,590,0,1630
841,1360,1110,0,0,1110
841,1361,1075,0,0,1075
842,1362,1200,370,60,1630
842,1363,805,370,60,1235
843,1364,845,0,0,845
844,1365,1090,370,0,1460
844,1366,1235,370,0,1605
845,1367,695,0,140,835
846,1368,750,0,0,750
846,1369,605,0,0,605
847,1370,410,570,0,980
848,1371,1030,98.3333333333333,0,1128.33333333333
848,1372,510,98.3333333333333,0,608.333333333333
848,1373,840,98.3333333333333,0,938.333333333333
848,1374,540,98.3333333333333,0,638.333333333333
848,1375,840,98.3333333333333,0,938.333333333333
848,1376,540,98.3333333333333,0,638.333333333333
849,1377,1260,740,140,2140
850,1378,825,570,0,1395
850,1379,610,570,0,1180
851,1380,685,740,0,1425
852,1381,1045,590,0,1635
853,1382,795,0,0,795
853,1383,675,0,0,675
854,1384,1100,740,0,1840
855,1385,1035,580,0,1615
855,1386,800,580,0,1380
856,1387,1205,0,0,1205
856,1388,1205,0,0,1205
857,1389,410,570,0,980
858,1390,1085,740,0,1825
859,1391,860,0,0,860
859,1392,630,0,0,630
860,1393,975,740,0,1715
861,1394,965,650,0,1615
862,1395,1030,740,0,1770
863,1396,960,0,0,960
864,1397,875,0,0,875
865,1398,920,0,0,920
866,1399,625,370,0,995
866,1400,795,370,0,1165
867,1401,1040,0,0,1040
867,1402,1000,0,0,1000
868,1403,910,246.666666666667,0,1156.66666666667
868,1404,1035,246.666666666667,0,1281.66666666667
868,1405,925,246.666666666667,0,1171.66666666667
869,1406,640,0,0,640
869,1407,585,0,0,585
870,1408,1200,0,0,1200
871,1409,1425,0,0,1425
872,1410,1125,590,240,1955
873,1411,610,590,140,1340
874,1412,935,0,0,935
875,1413,670,570,0,1240
876,1414,560,740,0,1300
877,1415,515,0,0,515
877,1416,735,0,0,735
878,1417,495,740,0,1235
879,1418,920,0,0,920
879,1419,890,0,0,890
879,1420,800,0,0,800
879,1421,730,0,0,730
880,1422,825,370,0,1195
880,1423,1090,370,0,1460
881,1424,900,0,0,900
881,1425,895,0,0,895
881,1426,810,0,0,810
882,1427,595,740,0,1335
883,1428,625,740,0,1365
884,1429,735,570,0,1305
885,1430,845,0,0,845
885,1431,1115,0,0,1115
886,1432,795,0,0,795
886,1433,915,0,0,915
887,1434,910,0,0,910
888,1435,915,190,46.6666666666667,1151.66666666667
888,1436,735,190,46.6666666666667,971.666666666667
888,1437,840,190,46.6666666666667,1076.66666666667
889,1438,1265,0,140,1405
890,1439,1260,370,0,1630
890,1440,970,370,0,1340
891,1441,615,285,0,900
891,1442,810,285,0,1095
892,1443,210,570,140,920
893,1444,1115,0,0,1115
893,1445,1065,0,0,1065
894,1446,775,370,0,1145
894,1447,945,370,0,1315
895,1448,795,570,0,1365
896,1449,120,0,0,120
896,1450,540,0,0,540
897,1451,1040,0,0,1040
897,1452,1000,0,0,1000
898,1453,955,295,0,1250
898,1454,740,295,0,1035
899,1455,590,740,140,1470
900,1456,665,0,0,665
900,1457,980,0,0,980
901,1458,1195,0,186.666666666667,1381.66666666667
901,1459,1005,0,186.666666666667,1191.66666666667
901,1460,935,0,186.666666666667,1121.66666666667
902,1461,1240,0,0,1240
903,1462,410,570,0,980
904,1463,1100,570,0,1670
905,1464,900,0,140,1040
906,1465,925,0,0,925
906,1466,875,0,0,875
907,1467,820,683.333333333333,0,1503.33333333333
907,1468,785,683.333333333333,0,1468.33333333333
907,1469,640,683.333333333333,0,1323.33333333333
908,1470,1225,0,0,1225
908,1471,935,0,0,935
909,1472,635,570,0,1205
909,1473,785,570,0,1355
910,1474,990,0,0,990
910,1475,200,0,0,200
911,1476,970,570,0,1540
912,1477,415,590,70,1075
912,1478,795,590,70,1455
913,1479,655,246.666666666667,0,901.666666666667
913,1480,475,246.666666666667,0,721.666666666667
913,1481,950,246.666666666667,0,1196.66666666667
914,1482,685,0,0,685
914,1483,915,0,0,915
915,1484,400,570,280,1250
916,1485,625,118,28,771
916,1486,1105,118,28,1251
916,1487,415,118,28,561
916,1488,595,118,28,741
916,1489,575,118,28,721
917,1490,1200,0,0,1200
918,1491,690,0,0,690
918,1492,760,0,0,760
919,1493,1035,570,140,1745
920,1494,1205,0,0,1205
921,1495,735,570,0,1305
922,1496,575,590,140,1305
923,1497,985,0,0,985
923,1498,925,0,0,925
924,1499,995,650,0,1645
925,1500,1030,740,0,1770
926,1501,825,0,0,825
926,1502,695,0,0,695
926,1503,690,0,0,690
926,1504,695,0,0,695
926,1505,525,0,0,525
926,1506,735,0,0,735
926,1507,985,0,0,985
926,1508,915,0,0,915
926,1509,395,0,0,395
926,1510,615,0,0,615
926,1511,570,0,0,570
926,1512,745,0,0,745
926,1513,1095,0,0,1095
926,1514,700,0,0,700
926,1515,695,0,0,695
926,1516,500,0,0,500
926,1517,795,0,0,795
926,1518,795,0,0,795
926,1519,550,0,0,550
926,1520,905,0,0,905
926,1521,915,0,0,915
926,1522,620,0,0,620
926,1523,635,0,0,635
927,1524,945,0,0,945
927,1525,945,0,0,945
928,1526,735,590,140,1465
929,1527,910,0,0,910
930,1528,805,0,0,805
930,1529,900,0,0,900
931,1530,495,570,0,1065
932,1531,490,0,0,490
932,1532,490,0,0,490
933,1533,840,0,0,840
934,1534,735,1140,0,1875
935,1535,795,650,140,1585
936,1536,1040,740,140,1920
937,1537,805,370,0,1175
937,1538,1175,370,0,1545
938,1539,410,570,140,1120
939,1540,845,570,0,1415
940,1541,915,0,140,1055
940,1542,730,0,140,870
941,1543,780,0,0,780
941,1544,1035,0,0,1035
941,1545,755,0,0,755
942,1546,990,570,0,1560
943,1547,915,0,0,915
943,1548,1415,0,0,1415
944,1549,755,650,0,1405
945,1550,485,325,70,880
945,1551,510,325,70,905
946,1552,455,0,0,455
946,1553,945,0,0,945
946,1554,615,0,0,615
947,1555,735,0,360,1095
947,1556,735,0,360,1095
948,1557,1265,0,0,1265
948,1558,1045,0,0,1045
948,1559,675,0,0,675
949,1560,815,246.666666666667,46.6666666666667,1108.33333333333
949,1561,625,246.666666666667,46.6666666666667,918.333333333333
949,1562,910,246.666666666667,46.6666666666667,1203.33333333333
950,1563,1040,590,0,1630
951,1564,495,0,0,495
951,1565,1080,0,0,1080
952,1566,1095,655,0,1750
952,1567,615,655,0,1270
953,1568,905,0,0,905
953,1569,355,0,0,355
953,1570,985,0,0,985
953,1571,400,0,0,400
953,1572,590,0,0,590
953,1573,800,0,0,800
953,1574,790,0,0,790
953,1575,705,0,0,705
954,1576,735,0,0,735
954,1577,795,0,0,795
955,1578,615,570,0,1185
956,1579,905,0,0,905
957,1580,1085,0,0,1085
957,1581,1080,0,0,1080
958,1582,910,0,0,910
959,1583,605,0,0,605
959,1584,525,0,0,525
960,1585,590,0,0,590
960,1586,590,0,0,590
961,1587,770,1140,0,1910
962,1588,430,285,0,715
962,1589,800,285,0,1085
963,1590,945,590,0,1535
964,1591,900,740,0,1640
965,1592,615,590,240,1445
966,1593,970,285,0,1255
966,1594,910,285,0,1195
967,1595,1040,590,0,1630
968,1596,610,0,0,610
968,1597,1215,0,0,1215
969,1598,815,0,0,815
970,1599,915,0,0,915
971,1600,570,590,140,1300
972,1601,735,0,0,735
972,1602,1035,0,0,1035
972,1603,735,0,0,735
973,1604,615,370,0,985
973,1605,700,370,0,1070
973,1606,805,370,0,1175
973,1607,635,370,0,1005
974,1608,1005,0,0,1005
974,1609,695,0,0,695
975,1610,1035,0,0,1035
975,1611,915,0,0,915
976,1612,840,0,0,840
976,1613,690,0,0,690
977,1614,785,0,0,785
977,1615,1100,0,0,1100
978,1616,690,1310,0,2000
979,1617,1105,370,0,1475
979,1618,1080,370,0,1450
980,1619,705,570,0,1275
981,1620,745,0,0,745
981,1621,915,0,0,915
982,1622,945,740,0,1685
983,1623,865,370,0,1235
983,1624,795,370,0,1165
984,1625,965,740,140,1845
985,1626,945,0,0,945
986,1627,815,0,0,815
986,1628,755,0,0,755
987,1629,1115,0,0,1115
987,1630,1065,0,0,1065
988,1631,425,0,0,425
988,1632,655,0,0,655
989,1633,1200,740,0,1940
990,1634,1040,590,140,1770
991,1635,800,570,0,1370
992,1636,300,740,0,1040
993,1637,605,570,0,1175
994,1638,1145,570,0,1715
995,1639,855,370,0,1225
995,1640,685,370,0,1055
996,1641,715,0,0,715
996,1642,825,0,0,825
996,1643,1355,0,0,1355
996,1644,925,0,0,925
997,1645,840,0,0,840
997,1646,840,0,0,840
998,1647,615,590,0,1205
999,1648,785,0,93.3333333333333,878.333333333333
999,1649,725,0,93.3333333333333,818.333333333333
999,1650,825,0,93.3333333333333,918.333333333333
1000,1651,785,0,0,785
1000,1652,595,0,0,595
1001,1653,1040,0,140,1180
1002,1654,925,570,0,1495
1003,1655,1050,0,0,1050
1004,1656,920,0,0,920
1004,1657,920,0,0,920
1005,1658,915,570,140,1625
1006,1659,595,81.4285714285714,0,676.428571428571
1006,1660,625,81.4285714285714,0,706.428571428571
1006,1661,625,81.4285714285714,0,706.428571428571
1006,1662,1085,81.4285714285714,0,1166.42857142857
1006,1663,755,81.4285714285714,0,836.428571428571
1006,1664,1030,81.4285714285714,0,1111.42857142857
1006,1665,1080,81.4285714285714,0,1161.42857142857
1007,1666,750,570,0,1320
1008,1667,410,570,140,1120
1009,1668,615,570,0,1185
1010,1669,840,393.333333333333,0,1233.33333333333
1010,1670,615,393.333333333333,0,1008.33333333333
1010,1671,705,393.333333333333,0,1098.33333333333
1011,1672,985,0,420,1405
1012,1673,925,0,0,925
1012,1674,825,0,0,825
1013,1675,1025,740,0,1765
1013,1676,925,740,0,1665
1014,1677,1040,0,140,1180
1015,1678,535,570,0,1105
1016,1679,845,0,0,845
1016,1680,620,0,0,620
1016,1681,1085,0,0,1085
1017,1682,760,0,0,760
1017,1683,700,0,0,700
1018,1684,680,590,0,1270
1019,1685,1205,740,0,1945
1020,1686,610,1180,0,1790
1021,1687,805,0,0,805
1022,1688,1080,0,0,1080
1023,1689,490,0,0,490
1023,1690,490,0,0,490
1024,1691,1070,0,0,1070
1024,1692,1070,0,0,1070
1025,1693,1000,740,140,1880
1026,1694,1020,246.666666666667,0,1266.66666666667
1026,1695,1095,246.666666666667,0,1341.66666666667
1026,1696,935,246.666666666667,0,1181.66666666667
1027,1697,1035,0,0,1035
1027,1698,1035,0,0,1035
1028,1699,615,740,0,1355
1029,1700,730,740,0,1470
1030,1701,860,0,0,860
1030,1702,1030,0,0,1030
1030,1703,220,0,0,220
1031,1704,1030,370,0,1400
1031,1705,1030,370,0,1400
1032,1706,235,650,0,885
1033,1707,585,0,0,585
1033,1708,435,0,0,435
1033,1709,775,0,0,775
1034,1710,800,570,0,1370
1035,1711,925,740,0,1665
1035,1712,1025,740,0,1765
1036,1713,925,0,0,925
1037,1714,1085,740,0,1825
1038,1715,805,0,0,805
1038,1716,780,0,0,780
1039,1717,515,0,0,515
1039,1718,1000,0,0,1000
1040,1719,715,0,120,835
1041,1720,625,295,0,920
1041,1721,390,295,0,685
1042,1722,555,0,0,555
1043,1723,1110,590,0,1700
1044,1724,960,0,0,960
1044,1725,815,0,0,815
1045,1726,495,570,0,1065
1046,1727,715,0,120,835
1047,1728,790,0,0,790
1048,1729,1035,0,0,1035
1048,1730,1035,0,0,1035
1049,1731,730,0,140,870
1050,1732,915,590,140,1645
1051,1733,1105,555,0,1660
1051,1734,990,555,0,1545
1051,1735,805,555,0,1360
1051,1736,965,555,0,1520
1052,1737,1080,246.666666666667,0,1326.66666666667
1052,1738,1085,246.666666666667,0,1331.66666666667
1052,1739,820,246.666666666667,0,1066.66666666667
1053,1740,1035,0,240,1275
1054,1741,585,590,0,1175
1056,1742,1005,0,0,1005
1056,1743,985,0,0,985
1057,1744,885,0,0,885
1057,1745,885,0,0,885
1057,1746,635,0,0,635
1058,1747,905,1330,0,2235
1059,1748,485,370,0,855
1059,1749,700,370,0,1070
1060,1750,715,0,0,715
1060,1751,905,0,0,905
1061,1752,800,0,0,800
1062,1753,885,740,0,1625
1063,1754,995,0,0,995
1063,1755,910,0,0,910
1064,1756,695,740,140,1575
1065,1757,915,0,0,915
1065,1758,1035,0,0,1035
1066,1759,435,0,0,435
1066,1760,815,0,0,815
1067,1761,750,0,0,750
1067,1762,645,0,0,645
1068,1763,930,590,0,1520
1069,1764,980,0,0,980
1070,1765,1080,246.666666666667,0,1326.66666666667
1070,1766,1105,246.666666666667,0,1351.66666666667
1070,1767,780,246.666666666667,0,1026.66666666667
1071,1768,910,246.666666666667,0,1156.66666666667
1071,1769,1095,246.666666666667,0,1341.66666666667
1071,1770,1115,246.666666666667,0,1361.66666666667
1072,1771,415,0,0,415
1072,1772,535,0,0,535
1073,1773,1035,570,0,1605
1074,1774,635,570,0,1205
1074,1775,785,570,0,1355
1075,1776,905,0,0,905
1076,1777,970,570,140,1680
1077,1778,795,0,0,795
1077,1779,675,0,0,675
1078,1780,785,0,0,785
1078,1781,785,0,0,785
1079,1782,1095,0,0,1095
1079,1783,845,0,0,845
1080,1784,1155,0,0,1155
1080,1785,1285,0,0,1285
1081,1786,1095,570,140,1805
1082,1787,1065,0,0,1065
1082,1788,620,0,0,620
1082,1789,1185,0,0,1185
1083,1790,365,1180,0,1545
1084,1791,1035,740,0,1775
1085,1792,600,370,0,970
1085,1793,835,370,0,1205
1086,1794,1205,740,0,1945
1087,1795,1205,285,0,1490
1087,1796,795,285,0,1080
1088,1797,740,0,0,740
1088,1798,590,0,0,590
1089,1799,610,590,0,1200
1090,1800,770,1140,0,1910
1091,1801,610,0,0,610
1091,1802,685,0,0,685
1091,1803,895,0,0,895
1092,1804,970,285,0,1255
1092,1805,1260,285,0,1545
1093,1806,625,0,0,625
1094,1807,775,0,0,775
1094,1808,480,0,0,480
1095,1809,865,0,60,925
1095,1810,820,0,60,880
1096,1811,905,740,0,1645
1097,1812,915,655,0,1570
1097,1813,820,655,0,1475
1098,1814,990,0,140,1130
1099,1815,1135,0,0,1135
1099,1816,1255,0,0,1255
1100,1817,490,0,0,490
1100,1818,490,0,0,490
1101,1819,785,740,140,1665
1102,1820,910,295,0,1205
1102,1821,530,295,0,825
1103,1822,930,295,0,1225
1103,1823,990,295,0,1285
1104,1824,800,570,0,1370
1105,1825,850,740,0,1590
1106,1826,905,370,0,1275
1106,1827,925,370,0,1295
1107,1828,970,570,0,1540
1108,1829,955,0,0,955
1108,1830,1030,0,0,1030
1109,1831,1065,0,0,1065
1110,1832,495,295,0,790
1110,1833,705,295,0,1000
1111,1834,1200,740,0,1940
1112,1835,725,570,0,1295
1113,1836,805,0,0,805
1113,1837,545,0,0,545
1114,1838,915,740,140,1795
1115,1839,735,370,0,1105
1115,1840,615,370,0,985
1116,1841,960,0,0,960
1116,1842,875,0,0,875
1117,1843,615,570,0,1185
1118,1844,1125,0,240,1365
1119,1845,925,570,0,1495
1120,1846,995,0,0,995
1120,1847,1005,0,0,1005
1121,1848,1025,0,0,1025
1122,1849,945,0,140,1085
1123,1850,785,570,0,1355
1124,1851,690,740,140,1570
1125,1852,795,0,0,795
1125,1853,795,0,0,795
1126,1854,995,0,0,995
1126,1855,910,0,0,910
1127,1856,920,0,0,920
1127,1857,635,0,0,635
1128,1858,1120,295,120,1535
1128,1859,700,295,120,1115
1129,1860,835,0,0,835
1129,1861,615,0,0,615
1130,1862,700,0,0,700
1130,1863,730,0,0,730
1131,1864,1005,1330,0,2335
1132,1865,955,0,0,955
1132,1866,675,0,0,675
1133,1867,1125,0,240,1365
1134,1868,915,0,0,915
1135,1869,880,740,0,1620
1136,1870,445,1480,0,1925
1137,1871,1155,0,0,1155
1137,1872,640,0,0,640
1138,1873,645,0,0,645
1138,1874,705,0,0,705
1139,1875,1125,0,140,1265
1140,1876,850,370,70,1290
1140,1877,730,370,70,1170
1141,1878,910,570,140,1620
1142,1879,765,0,0,765
1142,1880,855,0,0,855
1142,1881,765,0,0,765
1143,1882,515,590,140,1245
1144,1883,875,0,0,875
1145,1884,870,0,0,870
1145,1885,605,0,0,605
1146,1886,1245,0,0,1245
1147,1887,1125,570,0,1695
1148,1888,775,570,0,1345
1149,1889,1080,740,120,1940
1150,1890,970,570,0,1540
1151,1891,995,590,0,1585
1152,1892,610,0,0,610
1152,1893,360,0,0,360
1153,1894,1215,0,0,1215
1153,1895,805,0,0,805
1154,1896,1215,370,0,1585
1154,1897,1225,370,0,1595
1155,1898,745,0,0,745
1156,1899,695,620,280,1595
1156,1900,1105,620,280,2005
1157,1901,845,0,0,845
1157,1902,905,0,0,905
1158,1903,845,0,0,845
1158,1904,745,0,0,745
1159,1905,925,1310,0,2235
1160,1906,610,0,0,610
1160,1907,560,0,0,560
1161,1908,620,740,0,1360
1162,1909,725,0,0,725
1163,1910,895,0,0,895
1164,1911,715,740,0,1455
1165,1912,970,1310,0,2280
1166,1913,845,370,0,1215
1166,1914,695,370,0,1065
1167,1915,910,570,0,1480
1167,1916,785,570,0,1355
1167,1917,635,570,0,1205
1168,1918,735,0,0,735
1168,1919,645,0,0,645
1169,1920,615,0,0,615
1169,1921,855,0,0,855
1170,1922,925,427.5,0,1352.5
1170,1923,940,427.5,0,1367.5
1170,1924,655,427.5,0,1082.5
1170,1925,925,427.5,0,1352.5
1171,1926,1105,370,0,1475
1171,1927,1080,370,0,1450
1172,1928,1055,0,240,1295
1173,1929,1075,0,0,1075
1173,1930,695,0,0,695
1174,1931,915,0,0,915
1174,1932,915,0,0,915
1175,1933,1315,0,0,1315
1175,1934,1315,0,0,1315
1176,1935,695,0,0,695
1176,1936,865,0,0,865
1176,1937,605,0,0,605
1176,1938,680,0,0,680
1177,1939,610,570,140,1320
1178,1940,905,0,0,905
1178,1941,835,0,0,835
1179,1942,920,0,0,920
1179,1943,825,0,0,825
1180,1944,805,650,0,1455
1181,1945,320,740,0,1060
1182,1946,745,442.5,0,1187.5
1182,1947,615,442.5,0,1057.5
1182,1948,615,442.5,0,1057.5
1182,1949,620,442.5,0,1062.5
1183,1950,1030,0,0,1030
1183,1951,1030,0,0,1030
1184,1952,745,0,0,745
1184,1953,745,0,0,745
1185,1954,1105,0,140,1245
1186,1955,735,0,0,735
1187,1956,735,740,0,1475
1188,1957,800,285,0,1085
1188,1958,1095,285,0,1380
1189,1959,680,0,0,680
1189,1960,390,0,0,390
1189,1961,750,0,0,750
1190,1962,910,740,0,1650
1191,1963,1210,0,140,1350
1191,1964,1020,0,140,1160
1192,1965,640,0,0,640
1192,1966,1000,0,0,1000
1193,1967,805,246.666666666667,0,1051.66666666667
1193,1968,515,246.666666666667,0,761.666666666667
1193,1969,795,246.666666666667,0,1041.66666666667
1194,1970,855,285,0,1140
1194,1971,895,285,0,1180
1195,1972,845,0,70,915
1195,1973,985,0,70,1055
1196,1974,495,0,0,495
1196,1975,805,0,0,805
1197,1976,755,740,0,1495
1198,1977,1125,570,0,1695
1199,1978,790,0,0,790
1200,1979,795,0,0,795
1201,1980,615,570,0,1185
1202,1981,835,650,0,1485
1203,1982,630,0,140,770
1204,1983,835,570,0,1405
1205,1984,955,570,0,1525
1206,1985,1130,370,0,1500
1206,1986,305,370,0,675
1207,1987,495,740,0,1235
1208,1988,775,0,0,775
1208,1989,945,0,0,945
1209,1990,705,0,0,705
1209,1991,615,0,0,615
1210,1992,430,1480,0,1910
1211,1993,695,740,0,1435
1212,1994,320,740,0,1060
1213,1995,625,740,0,1365
1214,1996,1100,740,0,1840
1215,1997,535,590,0,1125
1216,1998,695,650,0,1345
1217,1999,890,740,0,1630
1218,2000,590,740,140,1470
1219,2001,965,740,0,1705
1220,2002,920,740,140,1800
1221,2003,905,740,0,1645
1221,2004,735,740,0,1475
1222,2005,805,0,0,805
1222,2006,445,0,0,445
1223,2007,705,0,0,705
1223,2008,885,0,0,885
1223,2009,825,0,0,825
1224,2010,905,0,0,905
1224,2011,905,0,0,905
1225,2012,645,0,0,645
1225,2013,755,0,0,755
1226,2014,690,370,0,1060
1226,2015,695,370,0,1065
1227,2016,490,0,0,490
1227,2017,490,0,0,490
1228,2018,975,246.666666666667,0,1221.66666666667
1228,2019,605,246.666666666667,0,851.666666666667
1228,2020,685,246.666666666667,0,931.666666666667
1229,2021,765,590,0,1355
1230,2022,615,570,0,1185
1231,2023,825,740,0,1565
1232,2024,905,0,0,905
1233,2025,1215,0,0,1215
1234,2026,525,570,0,1095
1235,2027,915,0,0,915
1235,2028,925,0,0,925
1236,2029,880,740,0,1620
1237,2030,755,590,0,1345
1238,2031,885,570,0,1455
1239,2032,985,740,0,1725
1240,2033,815,570,0,1385
1241,2034,1045,590,0,1635
1242,2035,1035,570,0,1605
1243,2036,845,185,0,1030
1243,2037,775,185,0,960
1243,2038,1040,185,0,1225
1243,2039,795,185,0,980
1244,2040,790,740,0,1530
1244,2041,995,740,0,1735
1245,2042,915,740,0,1655
1246,2043,635,285,0,920
1246,2044,910,285,0,1195
1247,2045,910,0,0,910
1248,2046,925,370,0,1295
1248,2047,1080,370,0,1450
1249,2048,490,0,0,490
1249,2049,490,0,0,490
1250,2050,1045,295,140,1480
1250,2051,1045,295,140,1480
1251,2052,745,740,0,1485
1252,2053,770,0,0,770
1252,2054,1210,0,0,1210
1253,2055,790,0,140,930
1254,2056,880,590,0,1470
1255,2057,620,370,0,990
1255,2058,540,370,0,910
1256,2059,905,570,0,1475
1257,2060,920,0,0,920
1257,2061,920,0,0,920
1258,2062,1020,0,280,1300
1259,2063,625,590,0,1215
1260,2064,880,570,0,1450
1261,2065,820,1480,0,2300
1262,2066,1165,0,140,1305
1263,2067,480,0,0,480
1263,2068,775,0,0,775
1264,2069,590,740,0,1330
1265,2070,425,0,0,425
1265,2071,425,0,0,425
1266,2072,815,0,0,815
1266,2073,825,0,0,825
1267,2074,935,590,0,1525
1268,2075,755,740,0,1495
1269,2076,985,0,0,985
1269,2077,1045,0,0,1045
1270,2078,995,0,0,995
1270,2079,610,0,0,610
1271,2080,205,0,0,205
1271,2081,300,0,0,300
1271,2082,360,0,0,360
1271,2083,575,0,0,575
1272,2084,615,740,0,1355
1273,2085,920,0,0,920
1274,2086,755,570,140,1465
1275,2087,850,740,0,1590
1276,2088,970,285,0,1255
1276,2089,1050,285,0,1335
1277,2090,985,650,0,1635
1278,2091,505,0,0,505
1278,2092,525,0,0,525
1279,2093,995,590,0,1585
1280,2094,1270,0,0,1270
1281,2095,740,740,0,1480
1282,2096,1110,325,0,1435
1282,2097,700,325,0,1025
1283,2098,780,285,0,1065
1283,2099,700,285,0,985
1284,2100,1225,740,0,1965
1285,2101,735,0,0,735
1285,2102,655,0,0,655
1286,2103,785,740,0,1525
1287,2104,925,1310,0,2235
1288,2105,590,740,140,1470
1289,2106,640,0,0,640
1289,2107,805,0,0,805
1290,2108,730,590,0,1320
1291,2109,1040,590,0,1630
1292,2110,800,570,0,1370
1293,2111,915,590,140,1645
1294,2112,775,0,0,775
1294,2113,945,0,0,945
1295,2114,1030,0,0,1030
1295,2115,1030,0,0,1030
1296,2116,905,0,0,905
1296,2117,995,0,0,995
1297,2118,960,0,0,960
1297,2119,865,0,0,865
1298,2120,820,740,0,1560
1299,2121,475,285,0,760
1299,2122,545,285,0,830
1300,2123,1125,570,0,1695
1301,2124,965,0,0,965
1302,2125,1215,0,0,1215
1302,2126,735,0,0,735
1303,2127,605,0,140,745
1304,2128,965,295,70,1330
1304,2129,1200,295,70,1565
1305,2130,345,0,0,345
1305,2131,225,0,0,225
1306,2132,410,570,140,1120
1307,2133,810,740,0,1550
1308,2134,995,650,0,1645
1309,2135,635,1770,0,2405
1310,2136,1030,740,0,1770
1311,2137,1215,0,0,1215
1312,2138,755,0,0,755
1312,2139,590,0,0,590
1313,2140,1195,0,0,1195
1314,2141,795,0,0,795
1314,2142,765,0,0,765
1315,2143,575,740,0,1315
1316,2144,685,0,0,685
1317,2145,705,0,0,705
1317,2146,615,0,0,615
1318,2147,735,740,0,1475
1319,2148,745,740,0,1485
1320,2149,995,865,0,1860
1320,2150,650,865,0,1515
1321,2151,570,0,0,570
1322,2152,925,370,0,1295
1322,2153,1080,370,0,1450
1323,2154,985,0,0,985
1323,2155,925,0,0,925
1323,2156,970,0,0,970
1323,2157,890,0,0,890
1324,2158,410,570,140,1120
1325,2159,495,570,140,1205
1326,2160,980,0,0,980
1326,2161,820,0,0,820
1327,2162,200,0,70,270
1327,2163,200,0,70,270
1328,2164,1090,0,0,1090
1329,2165,395,0,0,395
1329,2166,1095,0,0,1095
1330,2167,1035,665,120,1820
1330,2168,975,665,120,1760
1331,2169,960,0,0,960
1331,2170,885,0,0,885
1332,2171,795,285,0,1080
1332,2172,615,285,0,900
1333,2173,410,570,140,1120
1334,2174,1225,0,0,1225
1334,2175,1225,0,0,1225
1335,2176,1050,570,0,1620
1336,2177,740,0,0,740
1336,2178,740,0,0,740
1336,2179,740,0,0,740
1337,2180,840,0,0,840
1338,2181,545,0,0,545
1338,2182,635,0,0,635
1339,2183,1115,0,0,1115
1340,2184,735,0,0,735
1340,2185,985,0,0,985
1341,2186,1035,0,0,1035
1341,2187,670,0,0,670
1341,2188,875,0,0,875
1341,2189,1105,0,0,1105
1341,2190,470,0,0,470
1342,2191,915,570,140,1625
1343,2192,485,0,0,485
1343,2193,750,0,0,750
1344,2194,1210,740,0,1950
1345,2195,620,0,0,620
1345,2196,620,0,0,620
1346,2197,545,0,0,545
1346,2198,720,0,0,720
1347,2199,750,590,0,1340
1348,2200,655,570,0,1225
1349,2201,1060,0,140,1200
1349,2202,730,0,140,870
1350,2203,960,0,140,1100
1351,2204,775,0,240,1015
1352,2205,1035,740,0,1775
1353,2206,1085,0,0,1085
1353,2207,825,0,0,825
1354,2208,1035,570,0,1605
1355,2209,1090,0,0,1090
1355,2210,1090,0,0,1090
1356,2211,600,0,0,600
1356,2212,920,0,0,920
1356,2213,1110,0,0,1110
1357,2214,475,0,0,475
1357,2215,305,0,0,305
1358,2216,915,0,0,915
1358,2217,755,0,0,755
1359,2218,415,0,280,695
1360,2219,1065,246.666666666667,0,1311.66666666667
1360,2220,1175,246.666666666667,0,1421.66666666667
1360,2221,1155,246.666666666667,0,1401.66666666667
1361,2222,905,0,0,905
1361,2223,895,0,0,895
1362,2224,1080,0,0,1080
1362,2225,775,0,0,775
1363,2226,345,650,0,995
1364,2227,925,0,0,925
1364,2228,1080,0,0,1080
1365,2229,915,590,0,1505
1366,2230,945,590,0,1535
1367,2231,425,196.666666666667,0,621.666666666667
1367,2232,765,196.666666666667,0,961.666666666667
1367,2233,755,196.666666666667,0,951.666666666667
1368,2234,515,0,0,515
1368,2235,325,0,0,325
1369,2236,535,740,0,1275
1370,2237,1105,0,140,1245
1371,2238,930,590,0,1520
1372,2239,800,0,0,800
1372,2240,1020,0,0,1020
1373,2241,955,0,140,1095
1374,2242,615,0,0,615
1374,2243,615,0,0,615
1375,2244,715,570,0,1285
1376,2245,895,740,0,1635
1377,2246,610,1180,0,1790
1378,2247,685,0,0,685
1378,2248,585,0,0,585
1379,2249,940,0,140,1080
1380,2250,1035,740,140,1915
1381,2251,960,0,0,960
1381,2252,895,0,0,895
1382,2253,650,0,0,650
1382,2254,955,0,0,955
1383,2255,515,0,0,515
1384,2256,800,570,0,1370
1385,2257,1205,0,0,1205
1386,2258,910,0,0,910
1386,2259,790,0,0,790
1387,2260,1345,650,0,1995
1388,2261,785,0,0,785
1388,2262,705,0,0,705
1389,2263,915,0,0,915
1389,2264,980,0,0,980
1389,2265,760,0,0,760
1390,2266,490,0,70,560
1390,2267,490,0,70,560
1391,2268,840,570,0,1410
1392,2269,1035,0,0,1035
1392,2270,975,0,0,975
1392,2271,665,0,0,665
1393,2272,1110,0,0,1110
1393,2273,1115,0,0,1115
1394,2274,860,740,0,1600
1395,2275,895,0,0,895
1395,2276,750,0,0,750
1395,2277,480,0,0,480
1396,2278,695,580,140,1415
1396,2279,1070,580,140,1790
1397,2280,1065,590,0,1655
1398,2281,1025,0,0,1025
1398,2282,1025,0,0,1025
1398,2283,1025,0,0,1025
1399,2284,610,590,140,1340
1400,2285,800,570,0,1370
1401,2286,745,740,0,1485
1402,2287,580,246.666666666667,0,826.666666666667
1402,2288,755,246.666666666667,0,1001.66666666667
1402,2289,640,246.666666666667,0,886.666666666667
1403,2290,755,0,0,755
1404,2291,635,570,0,1205
1405,2292,615,570,0,1185
1406,2293,705,0,0,705
1406,2294,215,0,0,215
1407,2295,420,590,0,1010
1408,2296,685,590,0,1275
1409,2297,590,0,0,590
1409,2298,590,0,0,590
1410,2299,920,0,0,920
1410,2300,920,0,0,920
1411,2301,780,285,0,1065
1411,2302,855,285,0,1140
1412,2303,1070,590,0,1660
1413,2304,630,0,0,630
1413,2305,925,0,0,925
1414,2306,810,0,0,810
1414,2307,1165,0,0,1165
1414,2308,780,0,0,780
1415,2309,770,0,0,770
1415,2310,1080,0,0,1080
1416,2311,915,590,0,1505
1417,2312,795,740,280,1815
1418,2313,820,0,0,820
1418,2314,1085,0,0,1085
1419,2315,735,370,0,1105
1419,2316,1045,370,0,1415
1420,2317,705,570,0,1275
1421,2318,1045,740,0,1785
1422,2319,925,1310,0,2235
1423,2320,695,0,0,695
1423,2321,705,0,0,705
1424,2322,1125,740,0,1865
1425,2323,1105,0,70,1175
1425,2324,755,0,70,825
1426,2325,360,0,0,360
1426,2326,775,0,0,775
1426,2327,655,0,0,655
1426,2328,725,0,0,725
1427,2329,730,570,0,1300
1428,2330,1270,740,0,2010
1429,2331,945,665,0,1610
1429,2332,1080,665,0,1745
1430,2333,635,590,140,1365
1431,2334,1045,290,0,1335
1431,2335,1045,290,0,1335
1431,2336,925,290,0,1215
1431,2337,975,290,0,1265
1432,2338,945,0,0,945
1432,2339,585,0,0,585
1433,2340,1030,295,120,1445
1433,2341,690,295,120,1105
1434,2342,1090,0,140,1230
1434,2343,1090,0,140,1230
1435,2344,865,0,0,865
1436,2345,625,0,0,625
1437,2346,410,570,0,980
1438,2347,810,740,0,1550
1439,2348,610,570,0,1180
1440,2349,1055,0,0,1055
1440,2350,785,0,0,785
1441,2351,820,570,0,1390
1442,2352,955,740,0,1695
1443,2353,1060,885,14,1959
1443,2354,1030,885,14,1929
1443,2355,1040,885,14,1939
1443,2356,1060,885,14,1959
1443,2357,1060,885,14,1959
1443,2358,1030,885,14,1929
1443,2359,1030,885,14,1929
1443,2360,1030,885,14,1929
1443,2361,1040,885,14,1939
1443,2362,1040,885,14,1939
1444,2363,960,0,0,960
1444,2364,895,0,0,895
1445,2365,685,590,0,1275
1446,2366,820,740,0,1560
1447,2367,750,0,0,750
1447,2368,750,0,0,750
1448,2369,915,0,140,1055
1449,2370,930,0,0,930
1449,2371,940,0,0,940
1449,2372,475,0,0,475
1449,2373,630,0,0,630
1449,2374,725,0,0,725
1449,2375,805,0,0,805
1449,2376,695,0,0,695
1449,2377,930,0,0,930
1449,2378,940,0,0,940
1449,2379,475,0,0,475
1449,2380,630,0,0,630
1450,2381,825,295,0,1120
1450,2382,575,295,0,870
1451,2383,985,590,0,1575
1452,2384,885,650,0,1535
1453,2385,1085,246.666666666667,0,1331.66666666667
1453,2386,1005,246.666666666667,0,1251.66666666667
1453,2387,1085,246.666666666667,0,1331.66666666667
1454,2388,500,0,15.5555555555556,515.555555555556
1454,2389,660,0,15.5555555555556,675.555555555556
1454,2390,690,0,15.5555555555556,705.555555555556
1454,2391,660,0,15.5555555555556,675.555555555556
1454,2392,600,0,15.5555555555556,615.555555555556
1454,2393,500,0,15.5555555555556,515.555555555556
1454,2394,500,0,15.5555555555556,515.555555555556
1454,2395,690,0,15.5555555555556,705.555555555556
1454,2396,690,0,15.5555555555556,705.555555555556
1455,2397,785,285,0,1070
1455,2398,395,285,0,680
1456,2399,1335,0,140,1475
1457,2400,910,570,0,1480
1458,2401,800,570,0,1370
1459,2402,1005,590,0,1595
1460,2403,665,285,0,950
1460,2404,860,285,0,1145
1461,2405,780,0,0,780
1461,2406,805,0,0,805
1461,2407,225,0,0,225
1462,2408,880,590,0,1470
1462,2409,880,590,0,1470
1463,2410,715,590,0,1305
1464,2411,945,590,0,1535
1465,2412,490,0,0,490
1465,2413,490,0,0,490
1466,2414,755,740,0,1495
1467,2415,685,0,0,685
1468,2416,825,0,120,945
1469,2417,1040,740,0,1780
1470,2418,920,0,0,920
1470,2419,940,0,0,940
1471,2420,1035,0,0,1035
1471,2421,1035,0,0,1035
1472,2422,825,0,70,895
1472,2423,375,0,70,445
1473,2424,905,740,0,1645
1474,2425,760,0,0,760
1474,2426,620,0,0,620
1475,2427,1265,0,140,1405
1476,2428,780,285,0,1065
1476,2429,855,285,0,1140
1477,2430,490,0,0,490
1477,2431,615,0,0,615
1478,2432,1090,0,0,1090
1478,2433,1090,0,0,1090
1479,2434,635,740,0,1375
1480,2435,1065,0,0,1065
1480,2436,810,0,0,810
1481,2437,925,0,0,925
1481,2438,905,0,0,905
1482,2439,795,740,0,1535
1483,2440,795,0,0,795
1483,2441,805,0,0,805
1483,2442,810,0,0,810
1483,2443,825,0,0,825
1483,2444,1275,0,0,1275
1483,2445,620,0,0,620
1483,2446,605,0,0,605
1483,2447,615,0,0,615
1483,2448,630,0,0,630
1483,2449,965,0,0,965
1483,2450,650,0,0,650
1483,2451,575,0,0,575
1483,2452,605,0,0,605
1483,2453,975,0,0,975
1484,2454,1090,0,280,1370
1485,2455,615,570,0,1185
1486,2456,905,0,140,1045
1487,2457,410,570,0,980
1488,2458,815,570,0,1385
1489,2459,610,590,0,1200
1490,2460,320,740,0,1060
1491,2461,810,0,0,810
1491,2462,425,0,0,425
1492,2463,1055,285,0,1340
1492,2464,745,285,0,1030
1493,2465,1035,0,0,1035
1494,2466,940,0,140,1080
1495,2467,920,0,0,920
1496,2468,705,0,0,705
1497,2469,905,0,140,1045
1498,2470,590,740,0,1330
1499,2471,1025,740,140,1905
1500,2472,855,0,0,855
1500,2473,1140,0,0,1140
1501,2474,1205,740,0,1945
1502,2475,935,0,0,935
1502,2476,935,0,0,935
1503,2477,775,740,0,1515
1504,2478,1070,740,0,1810
1505,2479,920,740,0,1660
1506,2480,1030,740,0,1770
1507,2481,1035,0,0,1035
1507,2482,1035,0,0,1035
1508,2483,1215,0,140,1355
1509,2484,910,370,0,1280
1509,2485,910,370,0,1280
1510,2486,795,590,0,1385
1511,2487,930,185,0,1115
1511,2488,410,185,0,595
1511,2489,1115,185,0,1300
1511,2490,1065,185,0,1250
1512,2491,960,0,0,960
1512,2492,895,0,0,895
1513,2493,1225,650,0,1875
1514,2494,905,740,0,1645
1515,2495,1040,590,0,1630
1516,2496,880,590,0,1470
1517,2497,445,1480,0,1925
1518,2498,650,0,0,650
1519,2499,1105,0,0,1105
1520,2500,1040,0,0,1040
1520,2501,1075,0,0,1075
1521,2502,515,0,0,515
1521,2503,225,0,0,225
1522,2504,1015,0,0,1015
1522,2505,700,0,0,700
1523,2506,965,0,140,1105
1524,2507,970,740,0,1710
1525,2508,1040,0,140,1180
1526,2509,1235,0,0,1235
1526,2510,995,0,0,995
1527,2511,900,590,0,1490
1528,2512,815,0,0,815
1528,2513,875,0,0,875
1529,2514,905,0,0,905
1529,2515,925,0,0,925
1530,2516,755,590,140,1485
1531,2517,975,570,0,1545
1532,2518,475,0,0,475
1532,2519,775,0,0,775
1533,2520,485,332.5,0,817.5
1533,2521,675,332.5,0,1007.5
1533,2522,670,332.5,0,1002.5
1533,2523,675,332.5,0,1007.5
1534,2524,1170,0,0,1170
1534,2525,915,0,0,915
1534,2526,915,0,0,915
1535,2527,735,740,0,1475
1536,2528,1055,0,0,1055
1536,2529,1025,0,0,1025
1537,2530,925,295,70,1290
1537,2531,915,295,70,1280
1538,2532,805,285,0,1090
1538,2533,845,285,0,1130
1539,2534,850,0,0,850
1539,2535,1020,0,0,1020
1540,2536,920,0,0,920
1540,2537,920,0,0,920
1541,2538,815,285,120,1220
1541,2539,935,285,120,1340
1542,2540,795,740,0,1535
1543,2541,735,740,0,1475
1544,2542,1085,0,0,1085
1544,2543,755,0,0,755
1545,2544,1085,570,0,1655
1546,2545,795,740,0,1535
1547,2546,1085,0,0,1085
1547,2547,920,0,0,920
1547,2548,760,0,0,760
1548,2549,1065,0,0,1065
1548,2550,1065,0,0,1065
1549,2551,610,570,0,1180
1550,2552,875,740,280,1895
1551,2553,905,0,0,905
1552,2554,820,590,0,1410
1553,2555,1270,0,0,1270
1554,2556,925,370,0,1295
1554,2557,885,370,0,1255
1555,2558,1050,740,0,1790
1556,2559,915,0,140,1055
1556,2560,1070,0,140,1210
1557,2561,920,740,0,1660
1558,2562,300,0,0,300
1559,2563,885,570,0,1455
1559,2564,665,570,0,1235
1559,2565,555,570,0,1125
1559,2566,825,570,0,1395
1559,2567,885,570,0,1455
1559,2568,665,570,0,1235
1559,2569,555,570,0,1125
1559,2570,825,570,0,1395
1560,2571,755,0,0,755
1560,2572,610,0,0,610
1561,2573,925,0,0,925
1561,2574,925,0,0,925
1562,2575,1115,570,140,1825
1563,2576,585,590,140,1315
1564,2577,1020,0,0,1020
1564,2578,1030,0,0,1030
1565,2579,995,650,0,1645
1566,2580,1035,590,0,1625
1567,2581,665,0,0,665
1568,2582,925,0,0,925
1568,2583,895,0,0,895
1569,2584,705,570,0,1275
1570,2585,730,0,0,730
1570,2586,1030,0,0,1030
1571,2587,805,740,0,1545
1572,2588,910,370,0,1280
1572,2589,910,370,0,1280
1573,2590,1030,740,0,1770
1574,2591,730,570,0,1300
1575,2592,600,0,140,740
1576,2593,630,740,0,1370
1577,2594,615,380,0,995
1577,2595,635,380,0,1015
1577,2596,785,380,0,1165
1578,2597,615,570,0,1185
1579,2598,410,570,0,980
1580,2599,735,370,0,1105
1580,2600,930,370,0,1300
1581,2601,495,570,140,1205
1582,2602,835,590,0,1425
1583,2603,1225,740,0,1965
1584,2604,835,590,0,1425
1585,2605,965,370,0,1335
1585,2606,855,370,0,1225
1586,2607,1030,148,0,1178
1586,2608,910,148,0,1058
1586,2609,1005,148,0,1153
1586,2610,1040,148,0,1188
1586,2611,815,148,0,963
1587,2612,1040,0,140,1180
1588,2613,800,665,0,1465
1588,2614,1205,665,0,1870
1589,2615,1200,0,0,1200
1590,2616,755,0,0,755
1590,2617,915,0,0,915
1591,2618,1065,0,0,1065
1591,2619,1065,0,0,1065
1592,2620,645,196.666666666667,186.666666666667,1028.33333333333
1592,2621,945,196.666666666667,186.666666666667,1328.33333333333
1592,2622,515,196.666666666667,186.666666666667,898.333333333333
1593,2623,490,0,0,490
1593,2624,490,0,0,490
1594,2625,685,590,0,1275
1595,2626,730,570,0,1300
1596,2627,655,590,0,1245
1597,2628,500,570,140,1210
1598,2629,1035,0,0,1035
1598,2630,1045,0,0,1045
1598,2631,485,0,0,485
1598,2632,1095,0,0,1095
1599,2633,915,590,140,1645
1600,2634,525,590,0,1115
1601,2635,825,0,0,825
1601,2636,445,0,0,445
1601,2637,1045,0,0,1045
1601,2638,925,0,0,925
1602,2639,1025,0,0,1025
1603,2640,1080,370,0,1450
1603,2641,1100,370,0,1470
1604,2642,870,1330,0,2200
1605,2643,1065,0,0,1065
1605,2644,615,0,0,615
1606,2645,795,0,0,795
1606,2646,200,0,0,200
1607,2647,960,0,0,960
1607,2648,895,0,0,895
1608,2649,1005,740,0,1745
1609,2650,775,0,240,1015
1610,2651,1095,370,70,1535
1610,2652,825,370,70,1265
1611,2653,925,1310,280,2515
1612,2654,625,740,0,1365
1613,2655,570,285,0,855
1613,2656,695,285,0,980
1614,2657,1175,0,140,1315
1615,2658,440,0,0,440
1615,2659,450,0,0,450
1615,2660,1225,0,0,1225
1615,2661,845,0,0,845
1616,2662,780,590,0,1370
1617,2663,1130,740,0,1870
1618,2664,605,0,0,605
1618,2665,755,0,0,755
1619,2666,810,0,0,810
1620,2667,615,740,0,1355
1621,2668,600,0,140,740
1622,2669,585,590,0,1175
1623,2670,745,570,0,1315
1624,2671,460,570,0,1030
1625,2672,745,740,0,1485
1626,2673,815,370,0,1185
1626,2674,1055,370,0,1425
1627,2675,905,295,0,1200
1627,2676,735,295,0,1030
1628,2677,695,0,0,695
1628,2678,705,0,0,705
1629,2679,610,570,0,1180
1630,2680,1035,590,140,1765
1631,2681,810,740,0,1550
1632,2682,800,0,240,1040
1633,2683,735,285,0,1020
1633,2684,645,285,0,930
1634,2685,745,0,0,745
1634,2686,745,0,0,745
1635,2687,775,0,0,775
1635,2688,480,0,0,480
1636,2689,560,0,0,560
1637,2690,815,590,0,1405
1638,2691,925,590,0,1515
1639,2692,1210,740,0,1950
1640,2693,1030,0,0,1030
1640,2694,1030,0,0,1030
1641,2695,1105,0,0,1105
1641,2696,1065,0,0,1065
1642,2697,695,740,0,1435
1643,2698,610,665,0,1275
1643,2699,1235,665,0,1900
1644,2700,495,740,140,1375
1645,2701,1040,0,140,1180
1646,2702,645,0,0,645
1646,2703,705,0,0,705
1647,2704,805,0,0,805
1647,2705,805,0,0,805
1648,2706,925,246.666666666667,0,1171.66666666667
1648,2707,1080,246.666666666667,0,1326.66666666667
1648,2708,720,246.666666666667,0,966.666666666667
1649,2709,945,0,0,945
1649,2710,965,0,0,965
1650,2711,710,740,0,1450
1651,2712,495,570,140,1205
1652,2713,635,570,0,1205
1652,2714,795,570,0,1365
1653,2715,415,590,140,1145
1654,2716,480,590,0,1070
1655,2717,905,185,0,1090
1655,2718,1105,185,0,1290
1655,2719,785,185,0,970
1655,2720,1105,185,0,1290
1656,2721,1210,0,140,1350
1657,2722,1035,0,140,1175
1657,2723,1045,0,140,1185
1658,2724,580,740,0,1320
1659,2725,1205,0,0,1205
1659,2726,1170,0,0,1170
1660,2727,690,660,35,1385
1660,2728,805,660,35,1500
1660,2729,420,660,35,1115
1660,2730,690,660,35,1385
1661,2731,800,570,0,1370
1662,2732,920,295,70,1285
1662,2733,860,295,70,1225
1663,2734,1225,0,140,1365
1664,2735,905,285,0,1190
1664,2736,955,285,0,1240
1665,2737,970,570,0,1540
1666,2738,855,0,140,995
1667,2739,1120,0,0,1120
1668,2740,575,740,0,1315
1669,2741,690,740,0,1430
1670,2742,955,0,140,1095
1670,2743,875,0,140,1015
1671,2744,735,0,0,735
1672,2745,780,0,140,920
1673,2746,625,655,0,1280
1673,2747,685,655,0,1340
1674,2748,905,740,0,1645
1675,2749,850,740,0,1590
1676,2750,1060,740,140,1940
1677,2751,350,740,0,1090
1678,2752,735,740,0,1475
1679,2753,485,436.666666666667,0,921.666666666667
1679,2754,540,436.666666666667,0,976.666666666667
1679,2755,715,436.666666666667,0,1151.66666666667
1680,2756,725,0,0,725
1681,2757,1205,740,0,1945
1682,2758,410,570,0,980
1683,2759,415,740,0,1155
1684,2760,625,0,0,625
1684,2761,695,0,0,695
1685,2762,635,0,0,635
1685,2763,745,0,0,745
1686,2764,735,0,0,735
1686,2765,645,0,0,645
1687,2766,730,570,0,1300
1688,2767,790,570,0,1360
1689,2768,585,590,0,1175
1690,2769,620,370,70,1060
1690,2770,620,370,70,1060
1691,2771,370,740,0,1110
1691,2772,370,740,0,1110
1692,2773,710,0,0,710
1692,2774,630,0,0,630
1693,2775,825,740,0,1565
1694,2776,735,570,0,1305
1695,2777,995,0,0,995
1695,2778,570,0,0,570
1695,2779,920,0,0,920
1696,2780,1070,370,70,1510
1696,2781,1225,370,70,1665
1697,2782,745,590,0,1335
1698,2783,635,285,0,920
1698,2784,910,285,0,1195
1699,2785,1035,0,0,1035
1699,2786,680,0,0,680
1699,2787,785,0,0,785
1700,2788,420,0,0,420
1700,2789,1095,0,0,1095
1701,2790,1085,570,0,1655
1701,2791,745,570,0,1315
1702,2792,400,0,0,400
1702,2793,700,0,0,700
1703,2794,915,0,0,915
1703,2795,945,0,0,945
1703,2796,885,0,0,885
1703,2797,1225,0,0,1225
1704,2798,615,740,0,1355
1705,2799,975,740,0,1715
1706,2800,1180,0,140,1320
1707,2801,915,0,0,915
1707,2802,910,0,0,910
1708,2803,645,0,0,645
1708,2804,735,0,0,735
1709,2805,585,0,280,865
1710,2806,950,570,0,1520
1711,2807,880,740,0,1620
1712,2808,655,740,0,1395
1713,2809,860,0,0,860
1713,2810,645,0,0,645
1714,2811,1090,370,0,1460
1714,2812,785,370,0,1155
1715,2813,1215,740,140,2095
1716,2814,855,740,0,1595
1717,2815,505,285,0,790
1717,2816,635,285,0,920
1718,2817,625,190,0,815
1718,2818,520,190,0,710
1718,2819,625,190,0,815
1719,2820,1045,393.333333333333,0,1438.33333333333
1719,2821,1005,393.333333333333,0,1398.33333333333
1719,2822,1045,393.333333333333,0,1438.33333333333
1720,2823,770,740,0,1510
1721,2824,535,740,0,1275
1722,2825,945,590,0,1535
1723,2826,1025,590,0,1615
1724,2827,1080,0,0,1080
1724,2828,805,0,0,805
1725,2829,780,590,0,1370
1726,2830,1215,0,0,1215
1726,2831,1045,0,0,1045
1727,2832,1000,590,0,1590
1728,2833,375,570,0,945
1729,2834,1040,1480,0,2520
1730,2835,490,0,0,490
1730,2836,1085,0,0,1085
1731,2837,735,0,0,735
1731,2838,645,0,0,645
1732,2839,750,570,140,1460
1733,2840,785,0,140,925
1734,2841,615,740,0,1355
1735,2842,960,0,70,1030
1735,2843,885,0,70,955
1736,2844,1195,0,140,1335
1737,2845,560,0,0,560
1737,2846,1040,0,0,1040
1737,2847,740,0,0,740
1738,2848,635,0,0,635
1738,2849,835,0,0,835
1738,2850,585,0,0,585
1738,2851,585,0,0,585
1739,2852,1050,0,140,1190
1740,2853,1020,740,0,1760
1741,2854,915,740,140,1795
1742,2855,925,0,0,925
1742,2856,875,0,0,875
1743,2857,1055,0,0,1055
1743,2858,610,0,0,610
1744,2859,685,570,0,1255
1745,2860,615,740,0,1355
1745,2861,1015,740,0,1755
1746,2862,1095,370,140,1605
1746,2863,730,370,140,1240
1747,2864,465,0,0,465
1747,2865,1205,0,0,1205
1748,2866,795,285,0,1080
1748,2867,1355,285,0,1640
1749,2868,1215,740,140,2095
1750,2869,1085,0,0,1085
1750,2870,935,0,0,935
1751,2871,800,570,0,1370
1751,2872,625,570,0,1195
1752,2873,550,0,0,550
1752,2874,870,0,0,870
1753,2875,1040,740,140,1920
1754,2876,905,0,140,1045
1755,2877,730,590,140,1460
1756,2878,1020,740,0,1760
1757,2879,1035,740,0,1775
1758,2880,920,740,0,1660
1759,2881,610,590,0,1200
1760,2882,705,590,0,1295
1761,2883,635,285,0,920
1761,2884,795,285,0,1080
1761,2885,910,285,0,1195
1761,2886,870,285,0,1155
1762,2887,1120,0,0,1120
1762,2888,395,0,0,395
1763,2889,1070,740,140,1950
1764,2890,925,475,0,1400
1764,2891,915,475,0,1390
1764,2892,925,475,0,1400
1764,2893,915,475,0,1390
1765,2894,825,570,140,1535
1766,2895,1040,246.666666666667,0,1286.66666666667
1766,2896,900,246.666666666667,0,1146.66666666667
1766,2897,1130,246.666666666667,0,1376.66666666667
1767,2898,615,0,0,615
1767,2899,615,0,0,615
1768,2900,735,0,0,735
1768,2901,1265,0,0,1265
1768,2902,1000,0,0,1000
1769,2903,735,740,0,1475
1770,2904,655,0,0,655
1771,2905,735,0,0,735
1771,2906,630,0,0,630
1772,2907,995,0,0,995
1772,2908,920,0,0,920
1772,2909,1085,0,0,1085
1773,2910,855,740,0,1595
1774,2911,795,740,0,1535
1775,2912,455,0,0,455
1775,2913,630,0,0,630
1775,2914,910,0,0,910
1776,2915,710,570,0,1280
1777,2916,525,740,0,1265
1778,2917,790,0,280,1070
1779,2918,610,590,0,1200
1780,2919,735,0,0,735
1780,2920,645,0,0,645
1781,2921,1035,0,0,1035
1782,2922,1105,570,0,1675
1783,2923,945,0,0,945
1783,2924,965,0,0,965
1784,2925,825,590,0,1415
1785,2926,710,0,0,710
1786,2927,390,370,140,900
1786,2928,1265,370,140,1775
1786,2929,905,370,140,1415
1786,2930,925,370,140,1435
1786,2931,695,370,140,1205
1786,2932,905,370,140,1415
1786,2933,1025,370,140,1535
1786,2934,535,370,140,1045
1787,2935,1035,590,140,1765
1788,2936,905,570,140,1615
1789,2937,700,0,140,840
1789,2938,830,0,140,970
1790,2939,745,590,140,1475
1791,2940,725,570,0,1295
1792,2941,780,0,0,780
1793,2942,690,285,0,975
1793,2943,340,285,0,625
1794,2944,575,740,0,1315
1795,2945,880,740,140,1760
1796,2946,1035,0,0,1035
1797,2947,750,0,0,750
1797,2948,205,0,0,205
1798,2949,1065,0,0,1065
1798,2950,810,0,0,810
1799,2951,970,570,140,1680
1800,2952,1035,740,0,1775
1801,2953,875,740,0,1615
1802,2954,795,0,0,795
1802,2955,1225,0,0,1225
1803,2956,820,740,140,1700
1804,2957,730,740,140,1610
1805,2958,805,0,0,805
1805,2959,595,0,0,595
1806,2960,710,0,0,710
1807,2961,920,0,0,920
1807,2962,390,0,0,390
1808,2963,1010,740,0,1750
1809,2964,710,740,140,1590
1810,2965,770,0,0,770
1810,2966,895,0,0,895
1811,2967,695,0,0,695
1811,2968,1225,0,0,1225
1811,2969,1065,0,0,1065
1812,2970,1035,0,140,1175
1812,2971,965,0,140,1105
1813,2972,345,0,0,345
1813,2973,345,0,0,345
1814,2974,730,740,0,1470
1815,2975,805,0,140,945
1816,2976,900,740,0,1640
1817,2977,710,0,0,710
1818,2978,235,0,0,235
1818,2979,185,0,0,185
1819,2980,555,740,0,1295
1820,2981,780,0,140,920
1821,2982,970,740,0,1710
1822,2983,590,0,0,590
1822,2984,855,0,0,855
1823,2985,635,570,0,1205
1824,2986,905,370,0,1275
1824,2987,900,370,0,1270
1825,2988,905,0,0,905
1825,2989,845,0,0,845
1825,2990,735,0,0,735
1825,2991,1210,0,0,1210
1825,2992,885,0,0,885
1825,2993,765,0,0,765
1826,2994,510,740,140,1390
1827,2995,365,246.666666666667,0,611.666666666667
1827,2996,490,246.666666666667,0,736.666666666667
1827,2997,490,246.666666666667,0,736.666666666667
1828,2998,730,740,140,1610
1829,2999,1090,0,70,1160
1829,3000,945,0,70,1015
1830,3001,1095,0,0,1095
1830,3002,840,0,0,840
1831,3003,795,570,0,1365
1832,3004,880,740,0,1620
1833,3005,1215,0,0,1215
1833,3006,1095,0,0,1095
1834,3007,515,0,0,515
1834,3008,225,0,0,225
1834,3009,345,0,0,345
